{"stats":{"minecraft:dropped":{"minecraft:wheat_seeds":10,"minecraft:feather":3,"minecraft:lead":2,"minecraft:oak_planks":17,"minecraft:flint":1,"minecraft:poppy":3,"minecraft:cobblestone_slab":1,"minecraft:shield":1,"minecraft:gunpowder":3,"minecraft:yellow_dye":3,"gravestone:obituary":21,"minecraft:red_dye":1,"minecraft:wooden_pickaxe":1,"minecraft:beef":1,"minecraft:string":2,"minecraft:dandelion":4},"minecraft:used":{"minecraft:cooked_mutton":1,"minecraft:water_bucket":13,"minecraft:stone_sword":80,"minecraft:baked_potato":3,"minecraft:stone_pickaxe":131,"minecraft:stone_shovel":79,"minecraft:oak_sign":1,"minecraft:wooden_pickaxe":38,"minecraft:shield":39,"minecraft:wooden_shovel":33,"minecraft:cooked_chicken":2,"minecraft:rotten_flesh":7,"minecraft:torch":4,"minecraft:dirt":231,"minecraft:crafting_table":3,"minecraft:lava_bucket":23,"minecraft:sunflower":30,"minecraft:iron_pickaxe":223,"minecraft:gravel":28,"minecraft:cobblestone":281,"minecraft:stone_axe":43,"minecraft:beef":2,"minecraft:potion":1,"minecraft:bow":1,"minecraft:furnace":2,"minecraft:cooked_porkchop":3,"minecraft:bucket":37,"minecraft:egg":3,"minecraft:pointed_dripstone":2,"minecraft:cobbled_deepslate":4},"minecraft:custom":{"minecraft:interact_with_furnace":22,"minecraft:mob_kills":34,"minecraft:interact_with_cartography_table":1,"minecraft:interact_with_crafting_table":24,"minecraft:interact_with_grindstone":1,"minecraft:leave_game":3,"minecraft:time_since_death":22430,"minecraft:sleep_in_bed":1,"minecraft:climb_one_cm":1035,"minecraft:time_since_rest":4678,"minecraft:sprint_one_cm":262098,"minecraft:damage_taken":5783,"minecraft:walk_one_cm":232398,"minecraft:damage_blocked_by_shield":3055,"minecraft:drop":40,"minecraft:damage_dealt":6162,"minecraft:player_kills":3,"minecraft:swim_one_cm":11286,"minecraft:fly_one_cm":361392,"minecraft:open_chest":8,"minecraft:crouch_one_cm":15521,"minecraft:play_time":136653,"minecraft:sneak_time":6167,"minecraft:deaths":18,"minecraft:walk_under_water_one_cm":27563,"minecraft:jump":2335,"minecraft:walk_on_water_one_cm":30485,"minecraft:total_world_time":136653,"minecraft:fall_one_cm":82074,"minecraft:horse_one_cm":1317},"minecraft:picked_up":{"minecraft:birch_log":7,"minecraft:feather":6,"minecraft:chicken":3,"minecraft:yellow_wool":2,"minecraft:brown_wool":1,"minecraft:leather":6,"minecraft:yellow_dye":3,"minecraft:lead":2,"minecraft:wooden_pickaxe":1,"minecraft:potion":1,"minecraft:flint":8,"minecraft:tuff":1,"minecraft:oak_log":17,"gravestone:obituary":9,"minecraft:yellow_bed":1,"minecraft:gunpowder":3,"minecraft:dirt":236,"minecraft:string":4,"minecraft:bone":8,"minecraft:bow":1,"minecraft:wheat_seeds":15,"minecraft:cobbled_deepslate":6,"minecraft:red_dye":1,"minecraft:beef":4,"minecraft:cobblestone_slab":1,"minecraft:poppy":3,"minecraft:oak_planks":13,"minecraft:egg":3,"minecraft:raw_iron":35,"minecraft:torch":1,"minecraft:dandelion":4,"minecraft:gravel":28,"minecraft:pointed_dripstone":2,"minecraft:spider_eye":1,"minecraft:arrow":9,"minecraft:sugar":1,"minecraft:rotten_flesh":9,"minecraft:black_wool":1,"minecraft:coal":36,"minecraft:sunflower":34,"minecraft:cobblestone":306,"minecraft:ender_pearl":1},"minecraft:killed_by":{"minecraft:player":3,"minecraft:skeleton":6,"minecraft:creeper":6},"minecraft:mined":{"minecraft:tuff":1,"minecraft:dandelion":4,"gravestone:gravestone":15,"minecraft:grass_block":26,"minecraft:tall_grass":20,"minecraft:cobblestone":11,"minecraft:furnace":1,"minecraft:birch_log":7,"minecraft:iron_ore":33,"minecraft:yellow_bed":1,"minecraft:grass":70,"minecraft:coal_ore":36,"minecraft:oak_log":19,"minecraft:deepslate_iron_ore":4,"minecraft:cobblestone_slab":1,"minecraft:sunflower":22,"minecraft:gravel":36,"minecraft:dirt":87,"minecraft:stonecutter":1,"minecraft:stone":298,"minecraft:oak_leaves":2,"minecraft:deepslate":2},"minecraft:broken":{"minecraft:stone_pickaxe":1,"minecraft:shield":1},"minecraft:killed":{"minecraft:witch":1,"minecraft:spider":1,"minecraft:wandering_trader":1,"minecraft:creeper":1,"minecraft:skeleton":7,"minecraft:trader_llama":2,"minecraft:zombie":8,"minecraft:chicken":3,"minecraft:cow":3,"minecraft:enderman":1},"minecraft:crafted":{"minecraft:stone_shovel":1,"minecraft:oak_planks":68,"minecraft:wooden_shovel":1,"minecraft:oak_sign":3,"minecraft:cooked_porkchop":3,"minecraft:crafting_table":3,"minecraft:baked_potato":3,"minecraft:wooden_pickaxe":1,"minecraft:cooked_chicken":2,"minecraft:furnace":2,"minecraft:bucket":1,"minecraft:birch_planks":28,"minecraft:stone_axe":1,"minecraft:cooked_mutton":1,"minecraft:air":0,"minecraft:shield":2,"minecraft:stick":16,"minecraft:iron_ingot":9,"minecraft:iron_pickaxe":1,"minecraft:stone_pickaxe":1,"minecraft:stone_sword":1,"minecraft:torch":4}},"DataVersion":3120}