{"stats":{"minecraft:dropped":{"minecraft:stone_axe":1,"minecraft:wheat_seeds":11,"minecraft:stone_sword":1,"minecraft:yellow_wool":4,"minecraft:feather":3,"minecraft:rotten_flesh":1,"minecraft:oak_planks":23,"minecraft:stick":2,"minecraft:poppy":1,"minecraft:dirt":2,"minecraft:shield":1,"minecraft:torch":1,"minecraft:yellow_dye":4,"minecraft:brown_wool":2,"gravestone:obituary":14,"minecraft:beef":2,"minecraft:red_dye":1,"minecraft:wooden_pickaxe":4,"minecraft:stone_pickaxe":1,"minecraft:iron_pickaxe":1,"minecraft:black_wool":2},"minecraft:used":{"minecraft:cooked_mutton":4,"minecraft:wheat_seeds":6,"minecraft:diorite":2,"minecraft:stone_sword":113,"minecraft:stone_pickaxe":137,"minecraft:poppy":4,"minecraft:shield":11,"minecraft:wooden_pickaxe":8,"minecraft:cobblestone_slab":7,"minecraft:stone_hoe":7,"minecraft:cooked_chicken":3,"minecraft:torch":113,"minecraft:dirt":60,"minecraft:crafting_table":1,"minecraft:dripstone_block":3,"minecraft:granite":1,"minecraft:bread":5,"minecraft:sunflower":55,"minecraft:iron_pickaxe":68,"minecraft:stone_axe":15,"minecraft:cobblestone":66,"minecraft:furnace":1,"minecraft:cooked_porkchop":4,"minecraft:andesite":4,"minecraft:cooked_beef":1,"minecraft:cobbled_deepslate":1,"minecraft:pointed_dripstone":7},"minecraft:custom":{"minecraft:interact_with_furnace":14,"minecraft:mob_kills":20,"minecraft:interact_with_crafting_table":11,"minecraft:leave_game":1,"minecraft:time_since_death":62531,"minecraft:time_since_rest":62569,"minecraft:sprint_one_cm":199309,"minecraft:damage_taken":3234,"minecraft:walk_one_cm":279217,"minecraft:damage_blocked_by_shield":480,"minecraft:drop":70,"minecraft:damage_dealt":3707,"minecraft:fly_one_cm":158766,"minecraft:player_kills":3,"minecraft:crouch_one_cm":6162,"minecraft:play_time":109785,"minecraft:deaths":8,"minecraft:sneak_time":2050,"minecraft:walk_under_water_one_cm":7426,"minecraft:jump":1751,"minecraft:walk_on_water_one_cm":3811,"minecraft:total_world_time":109785,"minecraft:fall_one_cm":48584},"minecraft:picked_up":{"minecraft:crafting_table":1,"minecraft:feather":6,"minecraft:chicken":2,"minecraft:andesite":4,"minecraft:yellow_dye":4,"minecraft:yellow_wool":2,"minecraft:brown_wool":2,"minecraft:wooden_pickaxe":4,"minecraft:flint":1,"gravestone:obituary":7,"minecraft:shield":2,"minecraft:lapis_lazuli":25,"minecraft:string":4,"minecraft:dirt":64,"minecraft:bone":2,"minecraft:wheat_seeds":20,"minecraft:cobbled_deepslate":1,"minecraft:raw_gold":1,"minecraft:red_dye":1,"minecraft:beef":3,"minecraft:stone_pickaxe":1,"minecraft:cobblestone_slab":1,"minecraft:poppy":6,"minecraft:iron_pickaxe":1,"minecraft:oak_planks":47,"minecraft:furnace":1,"minecraft:stick":2,"minecraft:raw_iron":68,"minecraft:torch":21,"minecraft:dandelion":5,"minecraft:dripstone_block":3,"minecraft:gravel":1,"minecraft:porkchop":7,"minecraft:pointed_dripstone":7,"minecraft:diorite":2,"minecraft:grass_block":1,"minecraft:stone_sword":1,"minecraft:arrow":2,"minecraft:rotten_flesh":5,"minecraft:stone_axe":1,"minecraft:granite":1,"minecraft:black_wool":2,"minecraft:mutton":5,"minecraft:coal":45,"minecraft:white_wool":2,"minecraft:cobblestone":82,"minecraft:sunflower":55},"minecraft:killed_by":{"minecraft:player":3,"minecraft:creeper":1,"minecraft:zombie":1,"minecraft:enderman":1},"minecraft:mined":{"create:zinc_ore":1,"minecraft:farmland":1,"minecraft:dandelion":4,"minecraft:granite":1,"minecraft:crafting_table":1,"minecraft:torch":5,"gravestone:gravestone":6,"minecraft:grass_block":3,"minecraft:poppy":3,"minecraft:cobblestone":5,"minecraft:tall_grass":7,"minecraft:deepslate_coal_ore":20,"minecraft:lapis_ore":4,"minecraft:oak_planks":12,"minecraft:diorite":1,"minecraft:wall_torch":17,"minecraft:wheat":2,"minecraft:iron_ore":67,"minecraft:andesite":4,"minecraft:grass":14,"minecraft:pointed_dripstone":4,"minecraft:coal_ore":26,"minecraft:cobblestone_slab":1,"minecraft:gravel":1,"minecraft:sunflower":52,"minecraft:dirt":26,"minecraft:cobweb":2,"minecraft:stone":69,"minecraft:gold_ore":1,"minecraft:deepslate":2},"minecraft:broken":{"minecraft:stone_pickaxe":1},"minecraft:killed":{"minecraft:pig":4,"minecraft:creeper":1,"minecraft:skeleton":1,"minecraft:sheep":4,"minecraft:zombie":7,"minecraft:chicken":2,"minecraft:cow":1},"minecraft:crafted":{"minecraft:cooked_beef":1,"minecraft:red_dye":1,"minecraft:yellow_wool":2,"minecraft:cobblestone_slab":6,"minecraft:cooked_porkchop":4,"minecraft:cooked_chicken":3,"minecraft:stone_axe":1,"minecraft:cooked_mutton":4,"minecraft:air":0,"minecraft:yellow_dye":5,"minecraft:stick":32,"minecraft:iron_ingot":3,"minecraft:iron_pickaxe":1,"minecraft:stone_pickaxe":1,"minecraft:stone_sword":1,"minecraft:torch":92,"minecraft:stone_hoe":1}},"DataVersion":3120}