{"stats":{"minecraft:mined":{"create:zinc_ore":9,"minecraft:white_bed":2,"minecraft:oak_sapling":9,"minecraft:farmland":1,"create:andesite_casing":5,"minecraft:ladder":5,"minecraft:granite":11,"minecraft:grass_block":12,"create:depot":2,"create:shaft":1,"minecraft:oak_trapdoor":2,"minecraft:furnace":1,"minecraft:iron_ore":57,"minecraft:cobbled_deepslate":2,"minecraft:andesite":103,"minecraft:dirt_path":1,"minecraft:stone":334,"create:mechanical_press":2,"create:limestone":114,"minecraft:dandelion":3,"minecraft:crafting_table":2,"minecraft:cornflower":4,"minecraft:torch":13,"minecraft:calcite":22,"minecraft:chest":1,"create:water_wheel":1,"minecraft:tall_grass":13,"minecraft:cobblestone":23,"minecraft:lapis_ore":4,"minecraft:deepslate_gold_ore":10,"minecraft:diorite":29,"minecraft:wall_torch":8,"create:rope_pulley":4,"minecraft:birch_log":22,"minecraft:wheat":8,"minecraft:birch_leaves":6,"create:mechanical_drill":3,"minecraft:grass":41,"minecraft:oak_log":133,"minecraft:coal_ore":86,"create:hand_crank":3,"minecraft:gravel":23,"minecraft:dirt":15,"minecraft:cobweb":1,"minecraft:oak_leaves":92,"minecraft:deepslate":57},"minecraft:custom":{"minecraft:mob_kills":24,"minecraft:interact_with_crafting_table":60,"minecraft:interact_with_campfire":8,"minecraft:leave_game":7,"minecraft:time_since_death":56272,"minecraft:climb_one_cm":93957,"minecraft:sprint_one_cm":257344,"minecraft:walk_one_cm":380878,"minecraft:drop":26,"minecraft:play_time":226348,"minecraft:deaths":3,"minecraft:sneak_time":6861,"minecraft:walk_under_water_one_cm":9749,"minecraft:jump":1747,"minecraft:walk_on_water_one_cm":7950,"minecraft:total_world_time":226348,"minecraft:interact_with_furnace":63,"minecraft:sleep_in_bed":11,"minecraft:time_since_rest":4444,"minecraft:damage_taken":1850,"minecraft:damage_dealt":3203,"minecraft:swim_one_cm":932,"minecraft:fly_one_cm":257833,"minecraft:open_chest":84,"minecraft:crouch_one_cm":3054,"minecraft:fall_one_cm":49187},"minecraft:dropped":{"minecraft:iron_ingot":4,"minecraft:wheat_seeds":1,"minecraft:stone_sword":1,"minecraft:cobbled_deepslate":15,"minecraft:rotten_flesh":4,"minecraft:andesite":1},"minecraft:broken":{"minecraft:stone_pickaxe":5,"minecraft:stone_axe":1},"minecraft:used":{"minecraft:oak_trapdoor":3,"minecraft:stone_sword":47,"minecraft:stone_shovel":31,"minecraft:ladder":89,"minecraft:chest":3,"minecraft:rotten_flesh":2,"minecraft:stone_hoe":88,"minecraft:oak_door":1,"minecraft:torch":102,"minecraft:dirt":34,"create:depot":2,"minecraft:granite":11,"minecraft:birch_sapling":11,"create:rope_pulley":5,"create:shaft":3,"minecraft:oak_sapling":33,"minecraft:furnace":5,"create:mechanical_drill":4,"minecraft:egg":8,"minecraft:cooked_beef":9,"minecraft:cobbled_deepslate":11,"minecraft:calcite":3,"minecraft:wheat_seeds":26,"minecraft:cooked_mutton":10,"minecraft:water_bucket":36,"minecraft:stone_pickaxe":657,"minecraft:wooden_pickaxe":8,"minecraft:composter":1,"minecraft:blue_bed":1,"minecraft:crafting_table":3,"minecraft:white_bed":2,"minecraft:campfire":1,"minecraft:oak_log":6,"minecraft:apple":4,"create:mechanical_press":2,"minecraft:iron_pickaxe":202,"create:water_wheel":2,"minecraft:stone_axe":196,"minecraft:cobblestone":240,"minecraft:bucket":37,"create:hand_crank":7},"minecraft:picked_up":{"minecraft:crafting_table":2,"minecraft:wheat":8,"minecraft:ladder":5,"minecraft:wooden_pickaxe":1,"minecraft:shield":1,"minecraft:cornflower":4,"minecraft:oak_trapdoor":4,"minecraft:string":3,"create:limestone":173,"create:water_wheel":1,"create:mechanical_press":2,"minecraft:cobbled_deepslate":68,"minecraft:beef":10,"minecraft:calcite":36,"minecraft:iron_pickaxe":1,"minecraft:chest":1,"minecraft:birch_sapling":11,"minecraft:furnace":1,"minecraft:egg":8,"minecraft:stick":112,"minecraft:raw_iron":106,"minecraft:torch":33,"create:andesite_casing":5,"create:hand_crank":6,"minecraft:diorite":42,"minecraft:rotten_flesh":12,"minecraft:stone_sword":3,"minecraft:arrow":6,"minecraft:stone_shovel":1,"create:depot":2,"minecraft:mutton":10,"minecraft:white_wool":6,"minecraft:cobblestone":443,"minecraft:birch_log":22,"minecraft:cooked_beef":3,"minecraft:water_bucket":1,"minecraft:andesite":138,"create:rope_pulley":4,"minecraft:leather":4,"minecraft:flint":6,"create:raw_zinc":18,"minecraft:oak_log":209,"minecraft:lapis_lazuli":24,"minecraft:dirt":37,"minecraft:cooked_mutton":12,"minecraft:bone":4,"minecraft:apple":10,"minecraft:bow":1,"minecraft:wheat_seeds":27,"create:mechanical_drill":3,"minecraft:raw_gold":10,"minecraft:stone_pickaxe":1,"create:shaft":1,"minecraft:oak_planks":38,"minecraft:dandelion":3,"minecraft:gravel":17,"minecraft:white_bed":2,"minecraft:spider_eye":1,"minecraft:stone_axe":2,"minecraft:granite":11,"minecraft:gray_wool":1,"minecraft:oak_sapling":67,"minecraft:coal":89},"minecraft:crafted":{"minecraft:oak_door":3,"minecraft:oak_planks":164,"minecraft:stone_shovel":1,"minecraft:fishing_rod":1,"minecraft:iron_nugget":72,"minecraft:furnace":4,"minecraft:cooked_mutton":4,"minecraft:oak_trapdoor":12,"create:rope_pulley":1,"create:mechanical_press":1,"minecraft:ladder":117,"minecraft:stone_pickaxe":5,"minecraft:chest":2,"minecraft:bundle":1,"minecraft:stone_hoe":1,"minecraft:cooked_beef":8,"minecraft:oak_slab":12,"create:depot":1,"create:andesite_alloy":36,"create:hand_crank":1,"minecraft:crafting_table":1,"create:mechanical_saw":1,"minecraft:wooden_pickaxe":1,"minecraft:blue_bed":1,"minecraft:bucket":1,"minecraft:birch_planks":88,"minecraft:campfire":1,"minecraft:stone_axe":2,"minecraft:air":0,"minecraft:blue_dye":1,"minecraft:string":4,"create:water_wheel":1,"minecraft:shield":1,"minecraft:stick":352,"minecraft:iron_ingot":55,"minecraft:iron_pickaxe":1,"minecraft:stone_sword":1,"minecraft:iron_block":1,"minecraft:gold_ingot":10,"minecraft:white_bed":1,"create:mechanical_drill":1,"create:shaft":8,"minecraft:composter":1,"minecraft:torch":76,"create:zinc_ingot":9},"minecraft:killed_by":{"minecraft:creeper":1},"minecraft:killed":{"minecraft:spider":3,"minecraft:skeleton":2,"minecraft:creeper":1,"minecraft:sheep":7,"minecraft:zombie":7,"minecraft:cow":4}},"DataVersion":3120}