{"stats":{"minecraft:custom":{"minecraft:interact_with_furnace":10,"minecraft:mob_kills":21,"minecraft:interact_with_crafting_table":21,"minecraft:interact_with_campfire":6,"minecraft:leave_game":5,"minecraft:time_since_death":33192,"minecraft:sleep_in_bed":4,"minecraft:time_since_rest":6669,"minecraft:sprint_one_cm":128515,"minecraft:damage_taken":990,"minecraft:walk_one_cm":136457,"minecraft:drop":6,"minecraft:damage_dealt":2468,"minecraft:fly_one_cm":131875,"minecraft:open_chest":18,"minecraft:crouch_one_cm":1838,"minecraft:play_time":86448,"minecraft:deaths":2,"minecraft:sneak_time":1049,"minecraft:jump":737,"minecraft:total_world_time":86448,"minecraft:fall_one_cm":20982},"minecraft:killed_by":{"minecraft:creeper":1},"minecraft:picked_up":{"minecraft:crafting_table":2,"minecraft:andesite":43,"minecraft:leather":4,"minecraft:wooden_pickaxe":1,"minecraft:oak_log":45,"minecraft:dirt":17,"minecraft:cornflower":4,"minecraft:string":2,"minecraft:cooked_mutton":6,"minecraft:bone":3,"minecraft:apple":4,"minecraft:bow":1,"minecraft:beef":10,"minecraft:stone_pickaxe":1,"minecraft:chest":1,"minecraft:oak_planks":24,"minecraft:egg":5,"minecraft:stick":17,"minecraft:torch":2,"minecraft:dandelion":3,"minecraft:white_bed":2,"minecraft:spider_eye":1,"minecraft:stone_sword":2,"minecraft:arrow":5,"minecraft:rotten_flesh":11,"minecraft:stone_axe":1,"minecraft:gray_wool":1,"minecraft:oak_sapling":20,"minecraft:mutton":10,"minecraft:coal":85,"minecraft:white_wool":6,"minecraft:cobblestone":102},"minecraft:used":{"minecraft:cooked_mutton":4,"minecraft:stone_sword":29,"minecraft:stone_pickaxe":186,"minecraft:chest":2,"minecraft:wooden_pickaxe":8,"minecraft:blue_bed":1,"minecraft:rotten_flesh":2,"minecraft:oak_door":1,"minecraft:torch":27,"minecraft:dirt":9,"minecraft:crafting_table":3,"minecraft:campfire":1,"minecraft:white_bed":2,"minecraft:oak_log":1,"minecraft:apple":3,"minecraft:stone_axe":40,"minecraft:cobblestone":25,"minecraft:oak_sapling":16,"minecraft:furnace":1,"minecraft:egg":5,"minecraft:cooked_beef":3},"minecraft:crafted":{"minecraft:cooked_beef":8,"minecraft:oak_door":3,"minecraft:oak_planks":52,"minecraft:stone_shovel":1,"minecraft:fishing_rod":1,"minecraft:crafting_table":1,"minecraft:wooden_pickaxe":1,"minecraft:blue_bed":1,"minecraft:furnace":1,"minecraft:campfire":1,"minecraft:stone_axe":1,"minecraft:cooked_mutton":4,"minecraft:air":0,"minecraft:blue_dye":1,"minecraft:stick":24,"minecraft:stone_pickaxe":2,"minecraft:stone_sword":1,"minecraft:chest":1,"minecraft:white_bed":1,"minecraft:torch":52,"minecraft:stone_hoe":1},"minecraft:broken":{"minecraft:stone_pickaxe":1},"minecraft:mined":{"minecraft:white_bed":2,"minecraft:oak_sapling":2,"minecraft:dandelion":3,"minecraft:crafting_table":2,"minecraft:cornflower":4,"minecraft:grass_block":7,"minecraft:chest":1,"minecraft:tall_grass":3,"minecraft:wall_torch":2,"minecraft:andesite":42,"minecraft:grass":1,"minecraft:oak_log":33,"minecraft:coal_ore":82,"minecraft:dirt":5,"minecraft:stone":69,"minecraft:oak_leaves":31},"minecraft:killed":{"minecraft:spider":3,"minecraft:creeper":1,"minecraft:sheep":7,"minecraft:skeleton":1,"minecraft:zombie":5,"minecraft:cow":4},"minecraft:dropped":{"minecraft:stone_sword":1,"minecraft:rotten_flesh":4,"minecraft:andesite":1}},"DataVersion":3120}