{"stats":{"minecraft:mined":{"create:zinc_ore":9,"minecraft:tuff":263,"minecraft:white_bed":2,"minecraft:oak_sapling":10,"minecraft:farmland":1,"minecraft:deepslate_diamond_ore":20,"create:andesite_casing":5,"minecraft:ladder":11,"minecraft:granite":11,"minecraft:grass_block":13,"create:depot":2,"create:shaft":3,"minecraft:oak_trapdoor":2,"minecraft:furnace":1,"minecraft:iron_ore":63,"minecraft:cobbled_deepslate":5,"minecraft:andesite":103,"minecraft:deepslate_iron_ore":127,"minecraft:dirt_path":1,"minecraft:stone":346,"create:mechanical_press":2,"create:limestone":114,"minecraft:dandelion":3,"minecraft:crafting_table":2,"minecraft:cornflower":4,"minecraft:torch":17,"minecraft:blast_furnace":1,"minecraft:calcite":22,"minecraft:chest":1,"create:water_wheel":2,"minecraft:tall_grass":13,"minecraft:cobblestone":30,"minecraft:lapis_ore":4,"minecraft:deepslate_gold_ore":10,"minecraft:diorite":29,"minecraft:wall_torch":11,"create:rope_pulley":6,"minecraft:birch_log":22,"minecraft:wheat":40,"minecraft:birch_leaves":6,"create:mechanical_drill":6,"minecraft:grass":43,"minecraft:oak_log":139,"minecraft:coal_ore":86,"create:hand_crank":4,"minecraft:gravel":23,"minecraft:sand":25,"minecraft:dirt":20,"minecraft:cobweb":1,"minecraft:cracked_stone_bricks":1,"minecraft:stone_bricks":1,"minecraft:oak_leaves":92,"minecraft:deepslate":234},"minecraft:custom":{"minecraft:interact_with_smithing_table":4,"minecraft:mob_kills":39,"minecraft:interact_with_crafting_table":86,"minecraft:interact_with_campfire":31,"minecraft:leave_game":7,"minecraft:time_since_death":46257,"minecraft:climb_one_cm":190313,"minecraft:sprint_one_cm":337298,"minecraft:walk_one_cm":514153,"minecraft:damage_blocked_by_shield":30,"minecraft:drop":28,"minecraft:play_time":316348,"minecraft:deaths":8,"minecraft:sneak_time":9623,"minecraft:walk_under_water_one_cm":31721,"minecraft:jump":2255,"minecraft:walk_on_water_one_cm":11212,"minecraft:total_world_time":316348,"minecraft:interact_with_furnace":115,"minecraft:sleep_in_bed":15,"minecraft:time_since_rest":5261,"minecraft:damage_taken":5202,"minecraft:damage_dealt":4920,"minecraft:swim_one_cm":1795,"minecraft:fly_one_cm":324633,"minecraft:open_chest":140,"minecraft:crouch_one_cm":5093,"minecraft:fall_one_cm":97515},"minecraft:dropped":{"minecraft:iron_ingot":4,"minecraft:wheat_seeds":1,"minecraft:stone_sword":1,"minecraft:cobbled_deepslate":15,"minecraft:wheat":1,"minecraft:rotten_flesh":4,"minecraft:blast_furnace":1,"minecraft:andesite":1},"minecraft:broken":{"minecraft:stone_pickaxe":5,"minecraft:stone_axe":1,"minecraft:iron_pickaxe":3},"minecraft:used":{"minecraft:oak_trapdoor":3,"minecraft:stone_sword":55,"minecraft:stone_shovel":62,"minecraft:ladder":161,"minecraft:chest":3,"minecraft:shield":1,"minecraft:rotten_flesh":2,"minecraft:stone_hoe":88,"minecraft:oak_door":1,"minecraft:torch":121,"minecraft:dirt":39,"create:depot":2,"minecraft:granite":11,"minecraft:birch_sapling":11,"minecraft:stone_bricks":1,"create:rope_pulley":6,"create:shaft":3,"minecraft:oak_sapling":37,"minecraft:furnace":5,"create:mechanical_drill":6,"minecraft:egg":11,"minecraft:cooked_beef":14,"minecraft:cobbled_deepslate":107,"minecraft:calcite":3,"minecraft:wheat_seeds":109,"minecraft:cooked_mutton":11,"minecraft:water_bucket":68,"minecraft:stone_pickaxe":657,"minecraft:wooden_pickaxe":8,"minecraft:composter":1,"minecraft:blue_bed":1,"minecraft:cracked_stone_bricks":1,"minecraft:sand":1,"minecraft:crafting_table":3,"minecraft:blast_furnace":1,"minecraft:white_bed":2,"minecraft:campfire":1,"minecraft:oak_log":6,"minecraft:apple":4,"create:mechanical_press":2,"minecraft:iron_pickaxe":826,"create:water_wheel":2,"minecraft:stone_axe":223,"travelersbackpack:standard":4,"minecraft:cobblestone":311,"minecraft:smithing_table":1,"minecraft:bucket":69,"create:hand_crank":9},"minecraft:picked_up":{"minecraft:crafting_table":2,"minecraft:wheat":40,"minecraft:ladder":53,"minecraft:wooden_pickaxe":1,"minecraft:shield":4,"minecraft:cornflower":4,"minecraft:oak_trapdoor":4,"minecraft:string":3,"create:limestone":173,"create:water_wheel":2,"minecraft:cracked_stone_bricks":1,"create:mechanical_press":4,"minecraft:cobbled_deepslate":364,"minecraft:beef":30,"minecraft:calcite":36,"minecraft:iron_pickaxe":4,"minecraft:chest":1,"minecraft:birch_sapling":11,"minecraft:furnace":1,"minecraft:egg":11,"minecraft:stick":243,"minecraft:raw_iron":242,"minecraft:torch":65,"create:andesite_casing":5,"create:hand_crank":9,"minecraft:diorite":42,"minecraft:iron_horse_armor":1,"minecraft:rotten_flesh":12,"minecraft:stone_sword":6,"minecraft:arrow":6,"minecraft:stone_shovel":4,"create:depot":4,"minecraft:mutton":13,"minecraft:white_wool":7,"minecraft:cobblestone":499,"minecraft:birch_log":22,"minecraft:cooked_beef":48,"minecraft:water_bucket":7,"minecraft:andesite":138,"create:rope_pulley":6,"minecraft:leather":14,"minecraft:flint":6,"minecraft:tuff":268,"create:raw_zinc":18,"minecraft:oak_log":383,"create:andesite_alloy":48,"minecraft:lapis_lazuli":24,"minecraft:dirt":43,"minecraft:cooked_mutton":21,"minecraft:bone":4,"minecraft:apple":10,"minecraft:stone_bricks":1,"minecraft:bow":1,"minecraft:wheat_seeds":110,"create:mechanical_drill":6,"minecraft:raw_gold":10,"minecraft:iron_ingot":54,"minecraft:stone_pickaxe":1,"create:shaft":13,"minecraft:oak_planks":83,"create:mechanical_saw":2,"minecraft:dandelion":3,"minecraft:gravel":17,"minecraft:sand":25,"minecraft:blast_furnace":2,"minecraft:white_bed":2,"minecraft:spider_eye":1,"minecraft:diamond":20,"minecraft:stone_axe":5,"minecraft:granite":11,"minecraft:gray_wool":2,"minecraft:oak_sapling":70,"minecraft:coal":94},"minecraft:crafted":{"minecraft:oak_door":3,"minecraft:oak_planks":184,"minecraft:stone_shovel":1,"minecraft:fishing_rod":1,"travelersbackpack:crafting_upgrade":1,"minecraft:iron_nugget":72,"minecraft:furnace":4,"travelersbackpack:blank_upgrade":4,"minecraft:cooked_mutton":4,"minecraft:oak_trapdoor":12,"minecraft:glass":24,"create:rope_pulley":1,"travelersbackpack:white_sleeping_bag":1,"minecraft:iron_boots":1,"create:mechanical_press":1,"minecraft:ladder":141,"minecraft:stone_pickaxe":5,"minecraft:chest":4,"minecraft:bundle":1,"minecraft:stone_hoe":1,"minecraft:cooked_beef":8,"minecraft:oak_slab":12,"create:depot":1,"create:andesite_alloy":36,"travelersbackpack:iron_tier_upgrade":1,"create:hand_crank":1,"minecraft:crafting_table":2,"travelersbackpack:standard":1,"create:mechanical_saw":1,"travelersbackpack:backpack_tank":4,"minecraft:iron_helmet":1,"minecraft:wooden_pickaxe":1,"minecraft:smithing_table":1,"minecraft:blue_bed":1,"travelersbackpack:blue_sleeping_bag":1,"minecraft:bucket":2,"minecraft:birch_planks":88,"minecraft:campfire":1,"minecraft:stone_axe":2,"minecraft:air":0,"minecraft:blue_dye":2,"minecraft:string":4,"minecraft:iron_chestplate":1,"create:water_wheel":1,"minecraft:shield":1,"minecraft:stick":360,"minecraft:iron_ingot":191,"minecraft:iron_pickaxe":4,"minecraft:stone_sword":1,"minecraft:iron_block":1,"minecraft:iron_leggings":1,"minecraft:gold_ingot":10,"minecraft:white_bed":1,"create:mechanical_drill":1,"create:shaft":8,"minecraft:composter":1,"minecraft:torch":92,"create:zinc_ingot":9},"minecraft:killed_by":{"minecraft:creeper":1},"minecraft:killed":{"minecraft:spider":3,"minecraft:skeleton":4,"minecraft:creeper":1,"minecraft:sheep":9,"minecraft:zombie":7,"minecraft:cow":15}},"DataVersion":3120}