{"stats":{"minecraft:custom":{"minecraft:time_since_rest":2323,"minecraft:interact_with_furnace":1,"minecraft:sprint_one_cm":44859,"minecraft:damage_taken":90,"minecraft:walk_one_cm":39207,"minecraft:mob_kills":3,"minecraft:damage_dealt":240,"minecraft:interact_with_crafting_table":11,"minecraft:fly_one_cm":48403,"minecraft:open_chest":2,"minecraft:crouch_one_cm":7,"minecraft:play_time":50448,"minecraft:deaths":1,"minecraft:sneak_time":26,"minecraft:jump":229,"minecraft:leave_game":5,"minecraft:time_since_death":11549,"minecraft:sleep_in_bed":1,"minecraft:total_world_time":50448,"minecraft:fall_one_cm":6993},"minecraft:picked_up":{"minecraft:stick":8,"minecraft:crafting_table":2,"minecraft:dandelion":3,"minecraft:oak_log":27,"minecraft:white_bed":1,"minecraft:cornflower":4,"minecraft:dirt":4,"minecraft:bone":1,"minecraft:apple":1,"minecraft:oak_sapling":8,"minecraft:chest":1,"minecraft:mutton":4,"minecraft:white_wool":3,"minecraft:cobblestone":44},"minecraft:crafted":{"minecraft:blue_dye":1,"minecraft:oak_door":3,"minecraft:oak_planks":52,"minecraft:crafting_table":1,"minecraft:stick":8,"minecraft:wooden_pickaxe":1,"minecraft:stone_pickaxe":1,"minecraft:stone_sword":1,"minecraft:chest":1,"minecraft:furnace":1,"minecraft:white_bed":1,"minecraft:stone_axe":1},"minecraft:used":{"minecraft:oak_log":1,"minecraft:apple":1,"minecraft:stone_pickaxe":36,"minecraft:chest":2,"minecraft:wooden_pickaxe":8,"minecraft:oak_door":1,"minecraft:stone_axe":5,"minecraft:dirt":4,"minecraft:crafting_table":3,"minecraft:furnace":1,"minecraft:oak_sapling":4,"minecraft:white_bed":2},"minecraft:mined":{"minecraft:white_bed":1,"minecraft:dandelion":3,"minecraft:cornflower":4,"minecraft:crafting_table":2,"minecraft:oak_log":15,"minecraft:chest":1,"minecraft:dirt":4,"minecraft:tall_grass":1,"minecraft:stone":44,"minecraft:oak_leaves":22},"minecraft:killed":{"minecraft:sheep":3}},"DataVersion":3120}