{"stats":{"minecraft:dropped":{"minecraft:stone_axe":1,"minecraft:torch":4,"minecraft:rotten_flesh":4,"gravestone:obituary":1},"minecraft:killed_by":{"minecraft:creeper":1,"minecraft:zombie":1},"minecraft:used":{"minecraft:stone_pickaxe":158,"minecraft:birch_sapling":11,"minecraft:wooden_pickaxe":6,"minecraft:stonecutter":1,"minecraft:stone_axe":22,"minecraft:torch":7,"create:ochrum":1,"minecraft:cobblestone":2,"minecraft:crafting_table":4,"minecraft:oak_sapling":1,"minecraft:oak_boat":1},"minecraft:broken":{"minecraft:stone_pickaxe":1},"minecraft:custom":{"minecraft:time_since_rest":31863,"minecraft:sprint_one_cm":45365,"minecraft:damage_taken":500,"minecraft:walk_one_cm":42506,"minecraft:drop":9,"minecraft:swim_one_cm":4441,"minecraft:interact_with_crafting_table":7,"minecraft:fly_one_cm":31699,"minecraft:crouch_one_cm":226,"minecraft:play_time":53382,"minecraft:deaths":2,"minecraft:sneak_time":81,"minecraft:walk_under_water_one_cm":2739,"minecraft:boat_one_cm":39688,"minecraft:jump":316,"minecraft:leave_game":4,"minecraft:time_since_death":31823,"minecraft:walk_on_water_one_cm":2278,"minecraft:total_world_time":53382,"minecraft:fall_one_cm":9907},"minecraft:crafted":{"minecraft:oak_boat":1,"minecraft:oak_planks":48,"minecraft:crafting_table":1,"minecraft:stick":12,"minecraft:wooden_pickaxe":1,"minecraft:stone_pickaxe":2,"minecraft:torch":8,"minecraft:birch_planks":48,"minecraft:stone_axe":1},"minecraft:mined":{"minecraft:birch_log":12,"minecraft:crafting_table":4,"minecraft:cornflower":1,"minecraft:torch":1,"gravestone:gravestone":2,"minecraft:grass":5,"minecraft:oak_log":12,"minecraft:coal_ore":35,"create:ochrum":1,"minecraft:copper_ore":8,"minecraft:stone":118,"minecraft:wall_torch":2},"minecraft:picked_up":{"minecraft:birch_log":12,"minecraft:stick":5,"minecraft:crafting_table":4,"minecraft:lead":2,"minecraft:torch":7,"minecraft:oak_log":12,"minecraft:gunpowder":1,"minecraft:cornflower":1,"minecraft:raw_copper":27,"minecraft:rotten_flesh":4,"minecraft:stone_axe":1,"minecraft:stonecutter":1,"minecraft:wheat_seeds":1,"create:ochrum":1,"minecraft:oak_boat":1,"minecraft:oak_sapling":1,"minecraft:birch_sapling":11,"minecraft:coal":35,"minecraft:cobblestone":118}},"DataVersion":3120}