{"stats":{"minecraft:custom":{"minecraft:interact_with_furnace":10,"minecraft:mob_kills":16,"minecraft:interact_with_crafting_table":21,"minecraft:interact_with_campfire":6,"minecraft:leave_game":5,"minecraft:time_since_death":21192,"minecraft:sleep_in_bed":2,"minecraft:time_since_rest":8950,"minecraft:sprint_one_cm":94179,"minecraft:damage_taken":760,"minecraft:walk_one_cm":96896,"minecraft:drop":5,"minecraft:damage_dealt":1638,"minecraft:fly_one_cm":98806,"minecraft:open_chest":18,"minecraft:crouch_one_cm":1838,"minecraft:play_time":74448,"minecraft:deaths":2,"minecraft:sneak_time":1049,"minecraft:jump":524,"minecraft:total_world_time":74448,"minecraft:fall_one_cm":17015},"minecraft:killed_by":{"minecraft:creeper":1},"minecraft:picked_up":{"minecraft:crafting_table":2,"minecraft:leather":4,"minecraft:wooden_pickaxe":1,"minecraft:oak_log":45,"minecraft:dirt":13,"minecraft:cornflower":4,"minecraft:string":2,"minecraft:cooked_mutton":6,"minecraft:bone":3,"minecraft:apple":4,"minecraft:beef":10,"minecraft:stone_pickaxe":1,"minecraft:chest":1,"minecraft:oak_planks":24,"minecraft:egg":4,"minecraft:stick":17,"minecraft:torch":1,"minecraft:dandelion":3,"minecraft:white_bed":2,"minecraft:spider_eye":1,"minecraft:stone_sword":2,"minecraft:arrow":2,"minecraft:rotten_flesh":8,"minecraft:stone_axe":1,"minecraft:gray_wool":1,"minecraft:oak_sapling":20,"minecraft:mutton":10,"minecraft:coal":85,"minecraft:white_wool":6,"minecraft:cobblestone":90},"minecraft:used":{"minecraft:cooked_mutton":4,"minecraft:stone_sword":13,"minecraft:stone_pickaxe":132,"minecraft:chest":2,"minecraft:wooden_pickaxe":8,"minecraft:blue_bed":1,"minecraft:rotten_flesh":2,"minecraft:oak_door":1,"minecraft:torch":10,"minecraft:dirt":5,"minecraft:crafting_table":3,"minecraft:campfire":1,"minecraft:white_bed":2,"minecraft:oak_log":1,"minecraft:apple":3,"minecraft:stone_axe":38,"minecraft:cobblestone":8,"minecraft:oak_sapling":16,"minecraft:furnace":1,"minecraft:egg":4},"minecraft:crafted":{"minecraft:cooked_beef":8,"minecraft:oak_door":3,"minecraft:oak_planks":52,"minecraft:stone_shovel":1,"minecraft:fishing_rod":1,"minecraft:crafting_table":1,"minecraft:wooden_pickaxe":1,"minecraft:blue_bed":1,"minecraft:furnace":1,"minecraft:campfire":1,"minecraft:stone_axe":1,"minecraft:cooked_mutton":4,"minecraft:air":0,"minecraft:blue_dye":1,"minecraft:stick":16,"minecraft:stone_pickaxe":2,"minecraft:stone_sword":1,"minecraft:chest":1,"minecraft:white_bed":1,"minecraft:torch":16,"minecraft:stone_hoe":1},"minecraft:broken":{"minecraft:stone_pickaxe":1},"minecraft:mined":{"minecraft:white_bed":2,"minecraft:oak_sapling":2,"minecraft:dandelion":3,"minecraft:crafting_table":2,"minecraft:cornflower":4,"minecraft:grass_block":4,"minecraft:chest":1,"minecraft:tall_grass":3,"minecraft:wall_torch":1,"minecraft:grass":1,"minecraft:oak_log":33,"minecraft:coal_ore":82,"minecraft:dirt":4,"minecraft:stone":57,"minecraft:oak_leaves":31},"minecraft:killed":{"minecraft:spider":3,"minecraft:sheep":7,"minecraft:zombie":2,"minecraft:cow":4},"minecraft:dropped":{"minecraft:stone_sword":1,"minecraft:rotten_flesh":4}},"DataVersion":3120}