{"stats":{"minecraft:used":{"create:white_seat":1,"create:controls":1,"create:track_station":6,"railways:track_acacia":3,"create:yellow_seat":1,"create:schematic_table":1,"create:cogwheel":5,"minecraft:grass_block":9,"create:schematicannon":1,"minecraft:chest":1,"minecraft:stone":2,"immersive_aircraft:biplane":1,"create:railway_casing":5,"create:creative_motor":5},"minecraft:picked_up":{"minecraft:grass_block":1,"minecraft:gunpowder":59},"minecraft:dropped":{"minecraft:grass_block":1},"minecraft:custom":{"minecraft:open_chest":1,"minecraft:time_since_rest":14700,"minecraft:crouch_one_cm":186,"minecraft:sprint_one_cm":3673,"minecraft:play_time":42367,"minecraft:deaths":2,"minecraft:damage_taken":30,"minecraft:walk_one_cm":20828,"minecraft:sneak_time":198,"minecraft:walk_under_water_one_cm":4724,"minecraft:drop":1,"minecraft:jump":20,"minecraft:leave_game":4,"minecraft:walk_on_water_one_cm":188,"minecraft:time_since_death":14673,"minecraft:total_world_time":42367,"minecraft:fall_one_cm":780,"minecraft:fly_one_cm":31092}},"DataVersion":3120}