{"stats":{"minecraft:dropped":{"minecraft:stone_axe":1,"gravestone:obituary":1},"minecraft:used":{"minecraft:stone_pickaxe":158,"minecraft:birch_sapling":4,"minecraft:wooden_pickaxe":6,"minecraft:stonecutter":1,"minecraft:stone_axe":10,"minecraft:torch":7,"create:ochrum":1,"minecraft:cobblestone":2,"minecraft:crafting_table":4,"minecraft:oak_sapling":1,"minecraft:oak_boat":1},"minecraft:picked_up":{"minecraft:stick":2,"minecraft:crafting_table":4,"minecraft:lead":2,"minecraft:torch":3,"minecraft:oak_log":12,"minecraft:gunpowder":1,"minecraft:raw_copper":27,"minecraft:stonecutter":1,"minecraft:stone_axe":1,"minecraft:wheat_seeds":1,"create:ochrum":1,"minecraft:oak_boat":1,"minecraft:oak_sapling":1,"minecraft:birch_sapling":4,"minecraft:coal":35,"minecraft:cobblestone":118},"minecraft:custom":{"minecraft:time_since_rest":19230,"minecraft:sprint_one_cm":14128,"minecraft:damage_taken":230,"minecraft:walk_one_cm":26946,"minecraft:drop":2,"minecraft:interact_with_crafting_table":7,"minecraft:swim_one_cm":4441,"minecraft:fly_one_cm":12028,"minecraft:crouch_one_cm":200,"minecraft:play_time":20949,"minecraft:deaths":1,"minecraft:sneak_time":64,"minecraft:walk_under_water_one_cm":2739,"minecraft:boat_one_cm":39688,"minecraft:jump":175,"minecraft:leave_game":1,"minecraft:walk_on_water_one_cm":2278,"minecraft:time_since_death":19180,"minecraft:total_world_time":20949,"minecraft:fall_one_cm":5425},"minecraft:killed_by":{"minecraft:creeper":1},"minecraft:mined":{"minecraft:crafting_table":4,"minecraft:torch":1,"gravestone:gravestone":2,"minecraft:grass":4,"minecraft:oak_log":12,"minecraft:coal_ore":35,"create:ochrum":1,"minecraft:copper_ore":8,"minecraft:stone":118,"minecraft:wall_torch":2},"minecraft:broken":{"minecraft:stone_pickaxe":1},"minecraft:crafted":{"minecraft:oak_boat":1,"minecraft:oak_planks":48,"minecraft:crafting_table":1,"minecraft:stick":12,"minecraft:wooden_pickaxe":1,"minecraft:stone_pickaxe":2,"minecraft:torch":8,"minecraft:stone_axe":1}},"DataVersion":3120}