{"stats":{"minecraft:custom":{"minecraft:time_since_rest":9221,"minecraft:interact_with_furnace":7,"minecraft:sprint_one_cm":66270,"minecraft:damage_taken":590,"minecraft:walk_one_cm":63191,"minecraft:mob_kills":6,"minecraft:damage_dealt":709,"minecraft:interact_with_crafting_table":16,"minecraft:fly_one_cm":62472,"minecraft:open_chest":6,"minecraft:crouch_one_cm":1838,"minecraft:play_time":62448,"minecraft:deaths":2,"minecraft:sneak_time":1045,"minecraft:jump":329,"minecraft:leave_game":5,"minecraft:time_since_death":9192,"minecraft:sleep_in_bed":1,"minecraft:total_world_time":62448,"minecraft:fall_one_cm":10217},"minecraft:killed_by":{"minecraft:creeper":1},"minecraft:picked_up":{"minecraft:stick":13,"minecraft:crafting_table":2,"minecraft:torch":1,"minecraft:wooden_pickaxe":1,"minecraft:dandelion":3,"minecraft:oak_log":27,"minecraft:white_bed":1,"minecraft:string":2,"minecraft:cornflower":4,"minecraft:dirt":13,"minecraft:stone_sword":1,"minecraft:rotten_flesh":4,"minecraft:bone":1,"minecraft:apple":1,"minecraft:stone_axe":1,"minecraft:stone_pickaxe":1,"minecraft:oak_sapling":8,"minecraft:chest":1,"minecraft:mutton":4,"minecraft:oak_planks":24,"minecraft:coal":85,"minecraft:white_wool":3,"minecraft:cobblestone":90},"minecraft:crafted":{"minecraft:blue_dye":1,"minecraft:oak_door":3,"minecraft:oak_planks":52,"minecraft:stone_shovel":1,"minecraft:fishing_rod":1,"minecraft:crafting_table":1,"minecraft:stick":16,"minecraft:wooden_pickaxe":1,"minecraft:stone_pickaxe":2,"minecraft:stone_sword":1,"minecraft:chest":1,"minecraft:furnace":1,"minecraft:white_bed":1,"minecraft:torch":16,"minecraft:stone_hoe":1,"minecraft:stone_axe":1,"minecraft:air":0,"minecraft:cooked_mutton":4},"minecraft:used":{"minecraft:cooked_mutton":2,"minecraft:oak_log":1,"minecraft:stone_sword":12,"minecraft:apple":1,"minecraft:stone_pickaxe":132,"minecraft:chest":2,"minecraft:wooden_pickaxe":8,"minecraft:torch":10,"minecraft:rotten_flesh":2,"minecraft:oak_door":1,"minecraft:stone_axe":5,"minecraft:dirt":5,"minecraft:cobblestone":8,"minecraft:crafting_table":3,"minecraft:furnace":1,"minecraft:oak_sapling":4,"minecraft:white_bed":2},"minecraft:broken":{"minecraft:stone_pickaxe":1},"minecraft:mined":{"minecraft:white_bed":1,"minecraft:dandelion":3,"minecraft:coal_ore":82,"minecraft:cornflower":4,"minecraft:crafting_table":2,"minecraft:grass_block":4,"minecraft:oak_log":15,"minecraft:chest":1,"minecraft:dirt":4,"minecraft:tall_grass":2,"minecraft:stone":57,"minecraft:wall_torch":1,"minecraft:oak_leaves":22},"minecraft:killed":{"minecraft:sheep":3,"minecraft:zombie":1,"minecraft:spider":2}},"DataVersion":3120}