{"stats":{"minecraft:mined":{"create:zinc_ore":9,"minecraft:white_bed":2,"minecraft:oak_sapling":9,"minecraft:farmland":1,"create:andesite_casing":5,"minecraft:ladder":3,"minecraft:granite":11,"minecraft:grass_block":12,"create:depot":2,"minecraft:oak_trapdoor":2,"minecraft:furnace":1,"minecraft:iron_ore":57,"minecraft:cobbled_deepslate":1,"minecraft:andesite":99,"minecraft:dirt_path":1,"minecraft:stone":294,"create:mechanical_press":2,"create:limestone":114,"minecraft:dandelion":3,"minecraft:crafting_table":2,"minecraft:cornflower":4,"minecraft:torch":13,"minecraft:calcite":22,"minecraft:chest":1,"minecraft:tall_grass":13,"minecraft:cobblestone":18,"minecraft:lapis_ore":4,"minecraft:deepslate_gold_ore":10,"minecraft:diorite":29,"minecraft:wall_torch":8,"create:rope_pulley":2,"minecraft:birch_log":22,"minecraft:wheat":5,"minecraft:birch_leaves":6,"create:mechanical_drill":2,"minecraft:grass":41,"minecraft:oak_log":133,"minecraft:coal_ore":86,"create:hand_crank":3,"minecraft:gravel":23,"minecraft:dirt":15,"minecraft:cobweb":1,"minecraft:oak_leaves":92,"minecraft:deepslate":34},"minecraft:custom":{"minecraft:mob_kills":24,"minecraft:interact_with_crafting_table":59,"minecraft:interact_with_campfire":8,"minecraft:leave_game":7,"minecraft:time_since_death":44272,"minecraft:climb_one_cm":74594,"minecraft:sprint_one_cm":243479,"minecraft:walk_one_cm":361121,"minecraft:drop":26,"minecraft:play_time":214348,"minecraft:deaths":3,"minecraft:sneak_time":5049,"minecraft:walk_under_water_one_cm":8136,"minecraft:jump":1598,"minecraft:walk_on_water_one_cm":7780,"minecraft:total_world_time":214348,"minecraft:interact_with_furnace":63,"minecraft:sleep_in_bed":10,"minecraft:time_since_rest":15508,"minecraft:damage_taken":1550,"minecraft:damage_dealt":2979,"minecraft:swim_one_cm":932,"minecraft:fly_one_cm":246978,"minecraft:open_chest":83,"minecraft:crouch_one_cm":2801,"minecraft:fall_one_cm":46105},"minecraft:dropped":{"minecraft:iron_ingot":4,"minecraft:wheat_seeds":1,"minecraft:stone_sword":1,"minecraft:cobbled_deepslate":15,"minecraft:rotten_flesh":4,"minecraft:andesite":1},"minecraft:broken":{"minecraft:stone_pickaxe":5,"minecraft:stone_axe":1},"minecraft:used":{"minecraft:oak_trapdoor":3,"minecraft:stone_sword":41,"minecraft:stone_shovel":31,"minecraft:ladder":89,"minecraft:chest":3,"minecraft:rotten_flesh":2,"minecraft:stone_hoe":88,"minecraft:oak_door":1,"minecraft:torch":100,"minecraft:dirt":34,"create:depot":2,"minecraft:granite":11,"minecraft:birch_sapling":11,"create:rope_pulley":3,"minecraft:oak_sapling":33,"minecraft:furnace":5,"create:mechanical_drill":3,"minecraft:egg":8,"minecraft:cooked_beef":9,"minecraft:cobbled_deepslate":4,"minecraft:calcite":3,"minecraft:wheat_seeds":19,"minecraft:cooked_mutton":6,"minecraft:water_bucket":26,"minecraft:stone_pickaxe":657,"minecraft:wooden_pickaxe":8,"minecraft:composter":1,"minecraft:blue_bed":1,"minecraft:crafting_table":3,"minecraft:white_bed":2,"minecraft:campfire":1,"minecraft:oak_log":6,"minecraft:apple":4,"create:mechanical_press":2,"minecraft:iron_pickaxe":127,"minecraft:stone_axe":190,"minecraft:cobblestone":231,"minecraft:bucket":27,"create:hand_crank":5},"minecraft:picked_up":{"minecraft:crafting_table":2,"minecraft:wheat":5,"minecraft:ladder":3,"minecraft:wooden_pickaxe":1,"minecraft:shield":1,"minecraft:cornflower":4,"minecraft:oak_trapdoor":4,"minecraft:string":3,"create:limestone":173,"create:mechanical_press":2,"minecraft:cobbled_deepslate":34,"minecraft:beef":10,"minecraft:calcite":36,"minecraft:iron_pickaxe":1,"minecraft:chest":1,"minecraft:birch_sapling":11,"minecraft:furnace":1,"minecraft:egg":8,"minecraft:stick":112,"minecraft:raw_iron":106,"minecraft:torch":32,"create:andesite_casing":5,"create:hand_crank":5,"minecraft:diorite":42,"minecraft:rotten_flesh":12,"minecraft:stone_sword":3,"minecraft:arrow":6,"minecraft:stone_shovel":1,"create:depot":2,"minecraft:mutton":10,"minecraft:white_wool":6,"minecraft:cobblestone":400,"minecraft:birch_log":22,"minecraft:cooked_beef":3,"minecraft:water_bucket":1,"minecraft:andesite":134,"create:rope_pulley":2,"minecraft:leather":4,"minecraft:flint":6,"create:raw_zinc":18,"minecraft:oak_log":209,"minecraft:lapis_lazuli":24,"minecraft:dirt":37,"minecraft:cooked_mutton":12,"minecraft:bone":4,"minecraft:apple":10,"minecraft:bow":1,"minecraft:wheat_seeds":20,"create:mechanical_drill":2,"minecraft:raw_gold":10,"minecraft:stone_pickaxe":1,"minecraft:oak_planks":38,"minecraft:dandelion":3,"minecraft:gravel":17,"minecraft:white_bed":2,"minecraft:spider_eye":1,"minecraft:stone_axe":2,"minecraft:granite":11,"minecraft:gray_wool":1,"minecraft:oak_sapling":67,"minecraft:coal":89},"minecraft:crafted":{"minecraft:oak_door":3,"minecraft:oak_planks":164,"minecraft:stone_shovel":1,"minecraft:fishing_rod":1,"minecraft:iron_nugget":72,"minecraft:furnace":4,"minecraft:cooked_mutton":4,"minecraft:oak_trapdoor":12,"create:rope_pulley":1,"create:mechanical_press":1,"minecraft:ladder":117,"minecraft:stone_pickaxe":5,"minecraft:chest":2,"minecraft:bundle":1,"minecraft:stone_hoe":1,"minecraft:cooked_beef":8,"minecraft:oak_slab":12,"create:depot":1,"create:andesite_alloy":36,"create:hand_crank":1,"minecraft:crafting_table":1,"create:mechanical_saw":1,"minecraft:wooden_pickaxe":1,"minecraft:blue_bed":1,"minecraft:bucket":1,"minecraft:birch_planks":88,"minecraft:campfire":1,"minecraft:stone_axe":2,"minecraft:air":0,"minecraft:blue_dye":1,"minecraft:string":4,"create:water_wheel":1,"minecraft:shield":1,"minecraft:stick":352,"minecraft:iron_ingot":55,"minecraft:iron_pickaxe":1,"minecraft:stone_sword":1,"minecraft:iron_block":1,"minecraft:gold_ingot":10,"minecraft:white_bed":1,"create:mechanical_drill":1,"create:shaft":8,"minecraft:composter":1,"minecraft:torch":76,"create:zinc_ingot":9},"minecraft:killed_by":{"minecraft:creeper":1},"minecraft:killed":{"minecraft:spider":3,"minecraft:skeleton":2,"minecraft:creeper":1,"minecraft:sheep":7,"minecraft:zombie":7,"minecraft:cow":4}},"DataVersion":3120}