{"stats":{"minecraft:mined":{"create:zinc_ore":9,"minecraft:tuff":34,"minecraft:white_bed":2,"minecraft:oak_sapling":9,"minecraft:farmland":1,"minecraft:deepslate_diamond_ore":3,"create:andesite_casing":5,"minecraft:ladder":9,"minecraft:granite":11,"minecraft:grass_block":12,"create:depot":2,"create:shaft":3,"minecraft:oak_trapdoor":2,"minecraft:furnace":1,"minecraft:iron_ore":63,"minecraft:cobbled_deepslate":5,"minecraft:andesite":103,"minecraft:deepslate_iron_ore":28,"minecraft:dirt_path":1,"minecraft:stone":336,"create:mechanical_press":2,"create:limestone":114,"minecraft:dandelion":3,"minecraft:crafting_table":2,"minecraft:cornflower":4,"minecraft:torch":15,"minecraft:calcite":22,"minecraft:chest":1,"create:water_wheel":2,"minecraft:tall_grass":13,"minecraft:cobblestone":30,"minecraft:lapis_ore":4,"minecraft:deepslate_gold_ore":10,"minecraft:diorite":29,"minecraft:wall_torch":11,"create:rope_pulley":6,"minecraft:birch_log":22,"minecraft:wheat":20,"minecraft:birch_leaves":6,"create:mechanical_drill":6,"minecraft:grass":42,"minecraft:oak_log":139,"minecraft:coal_ore":86,"create:hand_crank":4,"minecraft:gravel":23,"minecraft:dirt":15,"minecraft:cobweb":1,"minecraft:oak_leaves":92,"minecraft:deepslate":114},"minecraft:custom":{"minecraft:mob_kills":34,"minecraft:interact_with_crafting_table":68,"minecraft:interact_with_campfire":23,"minecraft:leave_game":7,"minecraft:time_since_death":4257,"minecraft:climb_one_cm":173838,"minecraft:sprint_one_cm":296269,"minecraft:walk_one_cm":442036,"minecraft:drop":27,"minecraft:play_time":274348,"minecraft:deaths":8,"minecraft:sneak_time":8821,"minecraft:walk_under_water_one_cm":31721,"minecraft:jump":2035,"minecraft:walk_on_water_one_cm":11057,"minecraft:total_world_time":274348,"minecraft:interact_with_furnace":78,"minecraft:sleep_in_bed":14,"minecraft:time_since_rest":4289,"minecraft:damage_taken":5100,"minecraft:damage_dealt":4220,"minecraft:swim_one_cm":1795,"minecraft:fly_one_cm":296577,"minecraft:open_chest":105,"minecraft:crouch_one_cm":4338,"minecraft:fall_one_cm":91606},"minecraft:dropped":{"minecraft:iron_ingot":4,"minecraft:wheat_seeds":1,"minecraft:stone_sword":1,"minecraft:cobbled_deepslate":15,"minecraft:wheat":1,"minecraft:rotten_flesh":4,"minecraft:andesite":1},"minecraft:broken":{"minecraft:stone_pickaxe":5,"minecraft:stone_axe":1,"minecraft:iron_pickaxe":1},"minecraft:used":{"minecraft:oak_trapdoor":3,"minecraft:stone_sword":47,"minecraft:stone_shovel":31,"minecraft:ladder":150,"minecraft:chest":3,"minecraft:rotten_flesh":2,"minecraft:stone_hoe":88,"minecraft:oak_door":1,"minecraft:torch":109,"minecraft:dirt":34,"create:depot":2,"minecraft:granite":11,"minecraft:birch_sapling":11,"create:rope_pulley":6,"create:shaft":3,"minecraft:oak_sapling":36,"minecraft:furnace":5,"create:mechanical_drill":6,"minecraft:egg":8,"minecraft:cooked_beef":12,"minecraft:cobbled_deepslate":66,"minecraft:calcite":3,"minecraft:wheat_seeds":57,"minecraft:cooked_mutton":11,"minecraft:water_bucket":68,"minecraft:stone_pickaxe":657,"minecraft:wooden_pickaxe":8,"minecraft:composter":1,"minecraft:blue_bed":1,"minecraft:crafting_table":3,"minecraft:white_bed":2,"minecraft:campfire":1,"minecraft:oak_log":6,"minecraft:apple":4,"create:mechanical_press":2,"minecraft:iron_pickaxe":348,"create:water_wheel":2,"minecraft:stone_axe":218,"minecraft:cobblestone":311,"minecraft:bucket":69,"create:hand_crank":9},"minecraft:picked_up":{"minecraft:crafting_table":2,"minecraft:wheat":21,"minecraft:ladder":45,"minecraft:wooden_pickaxe":1,"minecraft:shield":4,"minecraft:cornflower":4,"minecraft:oak_trapdoor":4,"minecraft:string":3,"create:limestone":173,"create:water_wheel":2,"create:mechanical_press":4,"minecraft:cobbled_deepslate":248,"minecraft:beef":22,"minecraft:calcite":36,"minecraft:iron_pickaxe":4,"minecraft:chest":1,"minecraft:birch_sapling":11,"minecraft:furnace":1,"minecraft:egg":8,"minecraft:stick":242,"minecraft:raw_iron":143,"minecraft:torch":63,"create:andesite_casing":5,"create:hand_crank":9,"minecraft:diorite":42,"minecraft:iron_horse_armor":1,"minecraft:rotten_flesh":12,"minecraft:stone_sword":6,"minecraft:arrow":6,"minecraft:stone_shovel":4,"create:depot":4,"minecraft:mutton":13,"minecraft:white_wool":7,"minecraft:cobblestone":489,"minecraft:birch_log":22,"minecraft:cooked_beef":40,"minecraft:water_bucket":7,"minecraft:andesite":138,"create:rope_pulley":6,"minecraft:leather":11,"minecraft:flint":6,"minecraft:tuff":40,"create:raw_zinc":18,"minecraft:oak_log":383,"create:andesite_alloy":48,"minecraft:lapis_lazuli":24,"minecraft:dirt":37,"minecraft:cooked_mutton":21,"minecraft:bone":4,"minecraft:apple":10,"minecraft:bow":1,"minecraft:wheat_seeds":58,"create:mechanical_drill":6,"minecraft:raw_gold":10,"minecraft:iron_ingot":54,"minecraft:stone_pickaxe":1,"create:shaft":13,"minecraft:oak_planks":83,"create:mechanical_saw":2,"minecraft:dandelion":3,"minecraft:gravel":17,"minecraft:white_bed":2,"minecraft:spider_eye":1,"minecraft:diamond":3,"minecraft:stone_axe":5,"minecraft:granite":11,"minecraft:gray_wool":2,"minecraft:oak_sapling":69,"minecraft:coal":89},"minecraft:crafted":{"minecraft:oak_door":3,"minecraft:oak_planks":164,"minecraft:stone_shovel":1,"minecraft:fishing_rod":1,"minecraft:iron_nugget":72,"minecraft:furnace":4,"minecraft:cooked_mutton":4,"minecraft:oak_trapdoor":12,"create:rope_pulley":1,"create:mechanical_press":1,"minecraft:ladder":141,"minecraft:stone_pickaxe":5,"minecraft:chest":2,"minecraft:bundle":1,"minecraft:stone_hoe":1,"minecraft:cooked_beef":8,"minecraft:oak_slab":12,"create:depot":1,"create:andesite_alloy":36,"create:hand_crank":1,"minecraft:crafting_table":1,"create:mechanical_saw":1,"minecraft:wooden_pickaxe":1,"minecraft:blue_bed":1,"minecraft:bucket":2,"minecraft:birch_planks":88,"minecraft:campfire":1,"minecraft:stone_axe":2,"minecraft:air":0,"minecraft:blue_dye":1,"minecraft:string":4,"create:water_wheel":1,"minecraft:shield":1,"minecraft:stick":352,"minecraft:iron_ingot":65,"minecraft:iron_pickaxe":2,"minecraft:stone_sword":1,"minecraft:iron_block":1,"minecraft:gold_ingot":10,"minecraft:white_bed":1,"create:mechanical_drill":1,"create:shaft":8,"minecraft:composter":1,"minecraft:torch":92,"create:zinc_ingot":9},"minecraft:killed_by":{"minecraft:creeper":1},"minecraft:killed":{"minecraft:spider":3,"minecraft:skeleton":3,"minecraft:creeper":1,"minecraft:sheep":9,"minecraft:zombie":7,"minecraft:cow":11}},"DataVersion":3120}