{"stats":{"minecraft:used":{"minecraft:oak_trapdoor":9,"minecraft:stone_sword":65,"minecraft:stone_shovel":62,"minecraft:ladder":161,"minecraft:poppy":4,"minecraft:chest":3,"minecraft:shield":1,"minecraft:rotten_flesh":2,"minecraft:stone_hoe":88,"minecraft:oak_door":1,"minecraft:torch":125,"minecraft:dirt":39,"create:cogwheel":1,"create:depot":3,"minecraft:granite":11,"minecraft:birch_sapling":11,"create:millstone":2,"create:rope_pulley":6,"minecraft:stone_bricks":1,"create:shaft":3,"minecraft:oak_sapling":38,"minecraft:furnace":6,"create:mechanical_drill":6,"minecraft:egg":12,"minecraft:cooked_beef":20,"minecraft:cobbled_deepslate":163,"minecraft:calcite":3,"minecraft:cooked_mutton":12,"minecraft:wheat_seeds":209,"minecraft:water_bucket":73,"minecraft:stone_pickaxe":657,"minecraft:wooden_pickaxe":8,"minecraft:blue_bed":3,"minecraft:composter":1,"minecraft:cracked_stone_bricks":1,"minecraft:sand":1,"minecraft:crafting_table":4,"minecraft:blast_furnace":2,"minecraft:white_bed":2,"minecraft:campfire":4,"minecraft:oak_log":7,"minecraft:apple":4,"create:mechanical_press":3,"minecraft:iron_pickaxe":881,"create:water_wheel":2,"minecraft:stone_axe":245,"travelersbackpack:standard":4,"minecraft:cobblestone":311,"minecraft:smithing_table":2,"minecraft:bucket":78,"create:hand_crank":11},"minecraft:killed_by":{"minecraft:creeper":1},"minecraft:broken":{"minecraft:stone_pickaxe":5,"minecraft:stone_axe":2,"minecraft:iron_pickaxe":3},"minecraft:killed":{"minecraft:spider":3,"minecraft:skeleton":4,"minecraft:creeper":1,"minecraft:sheep":9,"minecraft:zombie":8,"minecraft:cow":15},"minecraft:custom":{"minecraft:interact_with_smithing_table":4,"minecraft:mob_kills":40,"minecraft:interact_with_crafting_table":100,"minecraft:interact_with_campfire":31,"minecraft:leave_game":8,"minecraft:time_since_death":83085,"minecraft:climb_one_cm":190701,"minecraft:sprint_one_cm":402235,"minecraft:walk_one_cm":589208,"minecraft:damage_blocked_by_shield":30,"minecraft:drop":71,"minecraft:play_time":353176,"minecraft:sneak_time":9756,"minecraft:deaths":8,"minecraft:walk_under_water_one_cm":35283,"minecraft:jump":2514,"minecraft:walk_on_water_one_cm":21911,"minecraft:total_world_time":353176,"minecraft:interact_with_furnace":116,"minecraft:sleep_in_bed":17,"minecraft:time_since_rest":6829,"minecraft:damage_taken":5646,"minecraft:damage_dealt":5465,"minecraft:swim_one_cm":37606,"minecraft:fly_one_cm":376131,"minecraft:open_chest":167,"minecraft:crouch_one_cm":5093,"minecraft:fall_one_cm":105919},"minecraft:dropped":{"minecraft:iron_ingot":6,"minecraft:wheat_seeds":2,"minecraft:orange_tulip":1,"minecraft:pink_tulip":6,"minecraft:white_tulip":13,"minecraft:stone_sword":1,"minecraft:cobbled_deepslate":15,"minecraft:wheat":2,"minecraft:rotten_flesh":6,"minecraft:blast_furnace":1,"minecraft:lily_of_the_valley":6,"minecraft:andesite":1,"minecraft:oak_sapling":3,"minecraft:red_tulip":14},"minecraft:crafted":{"minecraft:oak_door":3,"minecraft:oak_planks":192,"minecraft:stone_shovel":1,"minecraft:fishing_rod":1,"travelersbackpack:crafting_upgrade":1,"minecraft:iron_nugget":81,"minecraft:furnace":4,"travelersbackpack:blank_upgrade":4,"minecraft:cooked_mutton":4,"minecraft:oak_trapdoor":12,"minecraft:glass":24,"create:rope_pulley":1,"travelersbackpack:white_sleeping_bag":1,"minecraft:iron_boots":1,"create:mechanical_press":1,"minecraft:ladder":141,"minecraft:slime_ball":1,"create:millstone":1,"minecraft:stone_pickaxe":5,"minecraft:chest":4,"minecraft:bundle":1,"minecraft:stone_hoe":1,"create:cogwheel":2,"minecraft:cooked_beef":8,"minecraft:oak_slab":12,"create:depot":1,"create:andesite_alloy":36,"travelersbackpack:iron_tier_upgrade":1,"create:hand_crank":1,"minecraft:crafting_table":2,"create:mechanical_saw":1,"travelersbackpack:standard":1,"travelersbackpack:backpack_tank":4,"minecraft:wooden_pickaxe":1,"minecraft:iron_helmet":1,"create:dough":1,"minecraft:smithing_table":1,"minecraft:blue_bed":1,"minecraft:bucket":2,"minecraft:birch_planks":88,"travelersbackpack:blue_sleeping_bag":1,"minecraft:campfire":4,"minecraft:stone_axe":3,"minecraft:air":0,"minecraft:blue_dye":2,"minecraft:string":4,"minecraft:iron_chestplate":1,"create:water_wheel":1,"minecraft:shield":1,"minecraft:stick":372,"minecraft:iron_ingot":191,"minecraft:iron_pickaxe":4,"minecraft:iron_block":1,"minecraft:stone_sword":1,"minecraft:gold_ingot":10,"minecraft:iron_leggings":1,"minecraft:white_bed":1,"create:mechanical_drill":1,"create:shaft":8,"minecraft:composter":1,"minecraft:torch":92,"create:zinc_ingot":9,"minecraft:shears":1},"minecraft:picked_up":{"minecraft:charcoal":2,"minecraft:crafting_table":3,"minecraft:wheat":74,"minecraft:ladder":53,"minecraft:smithing_table":1,"minecraft:wooden_pickaxe":1,"minecraft:shield":4,"minecraft:cornflower":4,"minecraft:string":3,"minecraft:oak_trapdoor":7,"create:limestone":173,"create:water_wheel":2,"minecraft:cracked_stone_bricks":1,"create:mechanical_press":5,"minecraft:cobbled_deepslate":369,"minecraft:beef":30,"minecraft:white_tulip":13,"minecraft:calcite":36,"minecraft:poppy":4,"minecraft:iron_pickaxe":4,"minecraft:chest":1,"minecraft:birch_sapling":11,"minecraft:furnace":2,"minecraft:egg":12,"minecraft:stick":247,"minecraft:raw_iron":244,"minecraft:torch":67,"create:andesite_casing":6,"create:hand_crank":11,"minecraft:diorite":42,"minecraft:iron_horse_armor":1,"minecraft:stone_sword":6,"minecraft:arrow":6,"minecraft:stone_shovel":4,"minecraft:rotten_flesh":14,"minecraft:red_tulip":14,"create:depot":5,"minecraft:pink_tulip":6,"minecraft:mutton":13,"minecraft:white_wool":7,"minecraft:cobblestone":543,"minecraft:birch_log":22,"create:iron_sheet":2,"minecraft:cooked_beef":48,"minecraft:water_bucket":7,"minecraft:andesite":138,"create:rope_pulley":6,"minecraft:leather":14,"minecraft:flint":6,"minecraft:tuff":268,"create:raw_zinc":18,"minecraft:oak_log":388,"create:andesite_alloy":48,"minecraft:lapis_lazuli":24,"minecraft:dirt":43,"minecraft:blue_bed":2,"minecraft:cooked_mutton":21,"minecraft:bone":4,"minecraft:apple":10,"minecraft:stone_bricks":1,"minecraft:bow":2,"minecraft:wheat_seeds":210,"minecraft:orange_tulip":1,"minecraft:raw_gold":10,"create:mechanical_drill":6,"minecraft:iron_ingot":54,"minecraft:stone_pickaxe":1,"create:shaft":13,"minecraft:oak_planks":83,"create:mechanical_saw":2,"create:cogwheel":1,"minecraft:dandelion":3,"minecraft:gravel":17,"minecraft:sand":25,"minecraft:blast_furnace":3,"minecraft:white_bed":2,"minecraft:lily_of_the_valley":6,"minecraft:spider_eye":1,"create:millstone":2,"minecraft:diamond":20,"minecraft:stone_axe":5,"minecraft:granite":11,"minecraft:bone_meal":3,"minecraft:gray_wool":2,"minecraft:oak_sapling":76,"minecraft:coal":94},"minecraft:mined":{"create:zinc_ore":9,"minecraft:tuff":263,"minecraft:white_bed":2,"minecraft:oak_sapling":10,"create:millstone":2,"minecraft:farmland":1,"minecraft:deepslate_diamond_ore":20,"create:andesite_casing":6,"minecraft:ladder":11,"minecraft:granite":11,"minecraft:grass_block":13,"create:depot":3,"create:shaft":3,"minecraft:oak_trapdoor":5,"minecraft:furnace":2,"minecraft:iron_ore":65,"minecraft:cobbled_deepslate":10,"minecraft:andesite":103,"minecraft:red_tulip":8,"minecraft:dirt_path":1,"minecraft:deepslate_iron_ore":127,"minecraft:pink_tulip":3,"minecraft:white_tulip":5,"minecraft:stone":390,"create:mechanical_press":3,"create:limestone":114,"minecraft:smithing_table":1,"create:cogwheel":1,"minecraft:lily_of_the_valley":6,"minecraft:dandelion":3,"minecraft:cornflower":4,"minecraft:crafting_table":3,"minecraft:torch":19,"minecraft:blast_furnace":2,"minecraft:calcite":22,"minecraft:poppy":4,"minecraft:chest":1,"minecraft:campfire":1,"create:water_wheel":2,"minecraft:tall_grass":13,"minecraft:cobblestone":30,"minecraft:deepslate_gold_ore":10,"minecraft:lapis_ore":4,"minecraft:diorite":29,"minecraft:blue_bed":2,"minecraft:wall_torch":11,"create:rope_pulley":6,"minecraft:birch_log":22,"minecraft:wheat":79,"minecraft:birch_leaves":6,"minecraft:orange_tulip":1,"create:mechanical_drill":6,"minecraft:grass":44,"minecraft:oak_log":144,"minecraft:coal_ore":86,"create:hand_crank":5,"minecraft:gravel":23,"minecraft:sand":25,"minecraft:dirt":20,"minecraft:cobweb":1,"minecraft:cracked_stone_bricks":1,"minecraft:stone_bricks":1,"minecraft:oak_leaves":92,"minecraft:deepslate":234}},"DataVersion":3120}