{"stats":{"minecraft:custom":{"minecraft:interact_with_furnace":10,"minecraft:mob_kills":23,"minecraft:interact_with_crafting_table":30,"minecraft:interact_with_campfire":6,"minecraft:leave_game":5,"minecraft:time_since_death":57192,"minecraft:sleep_in_bed":5,"minecraft:climb_one_cm":9610,"minecraft:time_since_rest":15360,"minecraft:sprint_one_cm":162340,"minecraft:damage_taken":1050,"minecraft:walk_one_cm":180133,"minecraft:drop":6,"minecraft:damage_dealt":2780,"minecraft:fly_one_cm":153253,"minecraft:open_chest":30,"minecraft:crouch_one_cm":1838,"minecraft:play_time":110448,"minecraft:deaths":2,"minecraft:sneak_time":1059,"minecraft:jump":917,"minecraft:total_world_time":110448,"minecraft:fall_one_cm":24706},"minecraft:killed_by":{"minecraft:creeper":1},"minecraft:picked_up":{"minecraft:crafting_table":2,"minecraft:ladder":1,"minecraft:andesite":43,"minecraft:leather":4,"minecraft:wooden_pickaxe":1,"minecraft:oak_log":50,"minecraft:dirt":30,"minecraft:cornflower":4,"minecraft:string":2,"minecraft:cooked_mutton":6,"minecraft:bone":4,"minecraft:apple":4,"minecraft:bow":1,"minecraft:wheat_seeds":1,"minecraft:beef":10,"minecraft:stone_pickaxe":1,"minecraft:chest":1,"minecraft:oak_planks":24,"minecraft:egg":5,"minecraft:stick":19,"minecraft:torch":6,"minecraft:dandelion":3,"minecraft:white_bed":2,"minecraft:spider_eye":1,"minecraft:stone_sword":2,"minecraft:arrow":6,"minecraft:rotten_flesh":12,"minecraft:stone_axe":1,"minecraft:gray_wool":1,"minecraft:oak_sapling":23,"minecraft:mutton":10,"minecraft:coal":89,"minecraft:white_wool":6,"minecraft:cobblestone":184},"minecraft:used":{"minecraft:cooked_mutton":4,"minecraft:stone_sword":35,"minecraft:stone_shovel":9,"minecraft:stone_pickaxe":272,"minecraft:ladder":39,"minecraft:chest":2,"minecraft:wooden_pickaxe":8,"minecraft:blue_bed":1,"minecraft:rotten_flesh":2,"minecraft:oak_door":1,"minecraft:torch":66,"minecraft:dirt":15,"minecraft:crafting_table":3,"minecraft:campfire":1,"minecraft:white_bed":2,"minecraft:oak_log":1,"minecraft:apple":3,"minecraft:stone_axe":47,"minecraft:cobblestone":33,"minecraft:oak_sapling":19,"minecraft:furnace":1,"minecraft:egg":5,"minecraft:cooked_beef":5},"minecraft:crafted":{"minecraft:cooked_beef":8,"minecraft:oak_door":3,"minecraft:oak_planks":112,"minecraft:stone_shovel":1,"minecraft:fishing_rod":1,"minecraft:crafting_table":1,"minecraft:wooden_pickaxe":1,"minecraft:blue_bed":1,"minecraft:furnace":1,"minecraft:campfire":1,"minecraft:stone_axe":1,"minecraft:cooked_mutton":4,"minecraft:air":0,"minecraft:blue_dye":1,"minecraft:string":4,"minecraft:ladder":60,"minecraft:stick":176,"minecraft:stone_pickaxe":4,"minecraft:stone_sword":1,"minecraft:chest":1,"minecraft:white_bed":1,"minecraft:bundle":1,"minecraft:torch":76,"minecraft:stone_hoe":1},"minecraft:broken":{"minecraft:stone_pickaxe":2},"minecraft:mined":{"minecraft:white_bed":2,"minecraft:oak_sapling":4,"minecraft:dandelion":3,"minecraft:crafting_table":2,"minecraft:cornflower":4,"minecraft:torch":3,"minecraft:ladder":1,"minecraft:grass_block":7,"minecraft:chest":1,"minecraft:tall_grass":3,"minecraft:wall_torch":3,"minecraft:andesite":42,"minecraft:grass":13,"minecraft:dirt_path":1,"minecraft:oak_log":38,"minecraft:coal_ore":86,"minecraft:dirt":14,"minecraft:stone":151,"minecraft:oak_leaves":31},"minecraft:killed":{"minecraft:spider":3,"minecraft:creeper":1,"minecraft:sheep":7,"minecraft:skeleton":2,"minecraft:zombie":6,"minecraft:cow":4},"minecraft:dropped":{"minecraft:stone_sword":1,"minecraft:rotten_flesh":4,"minecraft:andesite":1}},"DataVersion":3120}