{"stats":{"minecraft:mined":{"minecraft:white_bed":4,"create:andesite_casing":2,"minecraft:torch":1,"minecraft:crafting_table":6,"gravestone:gravestone":9,"minecraft:copper_ore":9,"minecraft:cobblestone":4,"minecraft:oak_planks":2,"minecraft:sugar_cane":2,"minecraft:kelp":2,"minecraft:diorite":14,"minecraft:tall_seagrass":3,"minecraft:furnace":2,"minecraft:birch_log":11,"minecraft:iron_ore":25,"minecraft:andesite":66,"minecraft:grass":14,"minecraft:coal_ore":18,"minecraft:oak_log":21,"minecraft:stone":101,"minecraft:oak_leaves":8},"minecraft:crafted":{"minecraft:oak_planks":38,"create:andesite_alloy":9,"create:hand_crank":1,"minecraft:iron_nugget":18,"minecraft:crafting_table":6,"minecraft:wooden_pickaxe":1,"minecraft:cooked_chicken":1,"minecraft:furnace":2,"minecraft:copper_ingot":21,"minecraft:bucket":1,"minecraft:stone_axe":1,"minecraft:cooked_mutton":5,"minecraft:air":0,"minecraft:oak_boat":1,"minecraft:shield":1,"minecraft:stick":16,"minecraft:iron_ingot":18,"minecraft:iron_pickaxe":2,"minecraft:wooden_axe":1,"minecraft:stone_pickaxe":1,"minecraft:white_bed":1,"minecraft:torch":16},"minecraft:custom":{"minecraft:interact_with_furnace":19,"minecraft:mob_kills":13,"minecraft:interact_with_crafting_table":17,"minecraft:leave_game":5,"minecraft:time_since_death":17071,"minecraft:sleep_in_bed":5,"minecraft:time_since_rest":15585,"minecraft:sprint_one_cm":148130,"minecraft:damage_taken":2845,"minecraft:walk_one_cm":144198,"minecraft:damage_blocked_by_shield":1215,"minecraft:drop":14,"minecraft:damage_dealt":2161,"minecraft:swim_one_cm":56017,"minecraft:fly_one_cm":145637,"minecraft:open_chest":1,"minecraft:crouch_one_cm":1801,"minecraft:play_time":132895,"minecraft:deaths":11,"minecraft:sneak_time":917,"minecraft:walk_under_water_one_cm":30064,"minecraft:boat_one_cm":77847,"minecraft:jump":729,"minecraft:walk_on_water_one_cm":21584,"minecraft:total_world_time":132895,"minecraft:fall_one_cm":18410},"minecraft:used":{"minecraft:cooked_mutton":5,"create:schematic_table":1,"minecraft:stone_pickaxe":130,"minecraft:oak_planks":7,"minecraft:shield":39,"minecraft:chest":1,"minecraft:wooden_pickaxe":3,"minecraft:stone":2,"minecraft:cooked_chicken":1,"create:railway_casing":5,"minecraft:salmon":1,"minecraft:torch":4,"create:track_station":6,"minecraft:crafting_table":7,"create:cogwheel":5,"create:schematicannon":1,"minecraft:white_bed":4,"minecraft:wooden_axe":22,"create:controls":1,"minecraft:grass_block":9,"minecraft:chicken":1,"minecraft:iron_pickaxe":110,"create:creative_motor":5,"create:white_seat":1,"minecraft:stone_axe":93,"minecraft:cobblestone":50,"railways:track_acacia":3,"create:yellow_seat":1,"minecraft:furnace":2,"minecraft:birch_log":2,"minecraft:oak_boat":8,"immersive_aircraft:biplane":1,"minecraft:kelp":2},"minecraft:killed":{"minecraft:salmon":1,"minecraft:spider":3,"minecraft:sheep":4,"minecraft:zombie":3,"minecraft:chicken":2},"minecraft:picked_up":{"minecraft:birch_log":11,"minecraft:crafting_table":6,"minecraft:feather":2,"minecraft:chicken":2,"minecraft:andesite":66,"minecraft:glow_ink_sac":1,"minecraft:salmon":1,"gravestone:obituary":1,"minecraft:oak_log":21,"minecraft:gunpowder":59,"minecraft:string":5,"minecraft:raw_copper":45,"minecraft:kelp":2,"minecraft:wheat_seeds":2,"minecraft:oak_boat":8,"minecraft:sugar_cane":6,"minecraft:birch_sapling":1,"minecraft:oak_planks":1,"minecraft:furnace":2,"minecraft:stick":2,"minecraft:raw_iron":25,"minecraft:copper_ingot":3,"minecraft:torch":1,"create:andesite_casing":2,"minecraft:diorite":14,"minecraft:white_bed":4,"minecraft:grass_block":1,"minecraft:rotten_flesh":3,"minecraft:oak_sapling":3,"minecraft:black_wool":1,"minecraft:mutton":5,"minecraft:coal":18,"minecraft:white_wool":3,"minecraft:cobblestone":106},"minecraft:killed_by":{"minecraft:skeleton":3,"minecraft:spider":2,"minecraft:zombie":3},"minecraft:broken":{"minecraft:stone_pickaxe":1},"minecraft:dropped":{"minecraft:glow_ink_sac":1,"minecraft:crafting_table":5,"minecraft:rotten_flesh":1,"minecraft:grass_block":1,"gravestone:obituary":10}},"DataVersion":3120}