{"stats":{"minecraft:mined":{"minecraft:crafting_table":2,"minecraft:oak_log":15,"minecraft:dirt":4,"minecraft:tall_grass":1,"minecraft:stone":44,"minecraft:oak_leaves":22},"minecraft:custom":{"minecraft:time_since_rest":7252,"minecraft:interact_with_furnace":1,"minecraft:sprint_one_cm":30992,"minecraft:damage_taken":50,"minecraft:walk_one_cm":29596,"minecraft:mob_kills":3,"minecraft:damage_dealt":240,"minecraft:interact_with_crafting_table":8,"minecraft:fly_one_cm":29527,"minecraft:crouch_one_cm":7,"minecraft:play_time":46122,"minecraft:deaths":1,"minecraft:sneak_time":26,"minecraft:jump":131,"minecraft:leave_game":5,"minecraft:time_since_death":7223,"minecraft:total_world_time":46122,"minecraft:fall_one_cm":4456},"minecraft:picked_up":{"minecraft:stick":8,"minecraft:crafting_table":2,"minecraft:oak_log":27,"minecraft:dirt":4,"minecraft:apple":1,"minecraft:oak_sapling":8,"minecraft:mutton":4,"minecraft:white_wool":3,"minecraft:cobblestone":44},"minecraft:killed":{"minecraft:sheep":3},"minecraft:used":{"minecraft:oak_log":1,"minecraft:apple":1,"minecraft:stone_pickaxe":36,"minecraft:wooden_pickaxe":8,"minecraft:stone_axe":4,"minecraft:oak_door":1,"minecraft:dirt":4,"minecraft:crafting_table":3,"minecraft:oak_sapling":4,"minecraft:furnace":1},"minecraft:crafted":{"minecraft:oak_door":3,"minecraft:oak_planks":52,"minecraft:crafting_table":1,"minecraft:stick":8,"minecraft:wooden_pickaxe":1,"minecraft:stone_pickaxe":1,"minecraft:stone_sword":1,"minecraft:furnace":1,"minecraft:stone_axe":1}},"DataVersion":3120}