{"stats":{"minecraft:used":{"create:fluid_pipe":3,"create:fluid_tank":12,"create:mechanical_pump":3,"travelersbackpack:standard":3,"minecraft:grass_block":6,"create:cogwheel":2,"create:creative_motor":5},"minecraft:custom":{"minecraft:jump":11,"minecraft:time_since_rest":36952,"minecraft:crouch_one_cm":360,"minecraft:leave_game":2,"minecraft:play_time":36952,"minecraft:time_since_death":36952,"minecraft:walk_one_cm":16518,"minecraft:sneak_time":316,"minecraft:total_world_time":36952,"minecraft:drop":3,"minecraft:fly_one_cm":2380},"minecraft:dropped":{"minecraft:grass_block":1,"travelersbackpack:hose":2},"minecraft:picked_up":{"travelersbackpack:hose":2}},"DataVersion":3120}