{"stats":{"minecraft:custom":{"minecraft:interact_with_furnace":16,"minecraft:mob_kills":24,"minecraft:interact_with_crafting_table":41,"minecraft:interact_with_campfire":8,"minecraft:leave_game":5,"minecraft:time_since_death":111192,"minecraft:sleep_in_bed":7,"minecraft:climb_one_cm":37104,"minecraft:time_since_rest":6408,"minecraft:sprint_one_cm":206970,"minecraft:damage_taken":1160,"minecraft:walk_one_cm":304434,"minecraft:drop":22,"minecraft:damage_dealt":2979,"minecraft:swim_one_cm":932,"minecraft:fly_one_cm":202825,"minecraft:open_chest":49,"minecraft:crouch_one_cm":2428,"minecraft:play_time":164448,"minecraft:deaths":2,"minecraft:sneak_time":3354,"minecraft:walk_under_water_one_cm":5404,"minecraft:jump":1310,"minecraft:walk_on_water_one_cm":6096,"minecraft:total_world_time":164448,"minecraft:fall_one_cm":35340},"minecraft:killed_by":{"minecraft:creeper":1},"minecraft:picked_up":{"minecraft:birch_log":22,"minecraft:crafting_table":2,"minecraft:cooked_beef":1,"minecraft:ladder":2,"minecraft:andesite":74,"minecraft:leather":4,"minecraft:wooden_pickaxe":1,"minecraft:flint":6,"create:raw_zinc":9,"minecraft:oak_log":145,"minecraft:oak_trapdoor":2,"minecraft:lapis_lazuli":24,"minecraft:dirt":37,"minecraft:cornflower":4,"minecraft:string":3,"create:limestone":55,"minecraft:cooked_mutton":6,"minecraft:bone":4,"minecraft:apple":10,"minecraft:bow":1,"minecraft:wheat_seeds":8,"minecraft:cobbled_deepslate":19,"minecraft:beef":10,"minecraft:stone_pickaxe":1,"minecraft:calcite":8,"minecraft:birch_sapling":11,"minecraft:chest":1,"minecraft:oak_planks":24,"minecraft:egg":5,"minecraft:raw_iron":30,"minecraft:stick":50,"minecraft:torch":18,"minecraft:dandelion":3,"minecraft:gravel":17,"minecraft:diorite":29,"minecraft:white_bed":2,"minecraft:spider_eye":1,"minecraft:stone_sword":2,"minecraft:arrow":6,"minecraft:rotten_flesh":12,"minecraft:stone_axe":1,"minecraft:granite":11,"minecraft:gray_wool":1,"minecraft:oak_sapling":67,"minecraft:mutton":10,"minecraft:coal":89,"minecraft:white_wool":6,"minecraft:cobblestone":314},"minecraft:used":{"minecraft:wheat_seeds":5,"minecraft:oak_trapdoor":3,"minecraft:cooked_mutton":4,"minecraft:water_bucket":23,"minecraft:stone_sword":41,"minecraft:stone_shovel":31,"minecraft:stone_pickaxe":591,"minecraft:ladder":88,"minecraft:chest":2,"minecraft:wooden_pickaxe":8,"minecraft:composter":1,"minecraft:stone_hoe":88,"minecraft:blue_bed":1,"minecraft:rotten_flesh":2,"minecraft:oak_door":1,"minecraft:torch":90,"minecraft:dirt":34,"minecraft:crafting_table":3,"minecraft:campfire":1,"minecraft:white_bed":2,"minecraft:granite":11,"minecraft:oak_log":1,"minecraft:apple":4,"minecraft:birch_sapling":11,"minecraft:iron_pickaxe":9,"minecraft:stone_axe":169,"minecraft:cobblestone":143,"minecraft:oak_sapling":33,"minecraft:furnace":1,"minecraft:bucket":24,"minecraft:egg":5,"minecraft:cooked_beef":7,"minecraft:cobbled_deepslate":4,"minecraft:calcite":3},"minecraft:crafted":{"minecraft:cooked_beef":8,"minecraft:oak_door":3,"minecraft:oak_slab":12,"minecraft:oak_planks":144,"minecraft:stone_shovel":1,"minecraft:fishing_rod":1,"minecraft:crafting_table":1,"minecraft:wooden_pickaxe":1,"minecraft:blue_bed":1,"minecraft:furnace":1,"minecraft:bucket":1,"minecraft:birch_planks":88,"minecraft:campfire":1,"minecraft:stone_axe":2,"minecraft:cooked_mutton":4,"minecraft:air":0,"minecraft:oak_trapdoor":12,"minecraft:blue_dye":1,"minecraft:string":4,"minecraft:shield":1,"minecraft:ladder":117,"minecraft:stick":352,"minecraft:iron_ingot":8,"minecraft:iron_pickaxe":1,"minecraft:stone_pickaxe":5,"minecraft:stone_sword":1,"minecraft:chest":1,"minecraft:white_bed":1,"minecraft:bundle":1,"minecraft:composter":1,"minecraft:torch":76,"minecraft:stone_hoe":1},"minecraft:broken":{"minecraft:stone_pickaxe":4,"minecraft:stone_axe":1},"minecraft:mined":{"minecraft:white_bed":2,"minecraft:oak_sapling":9,"minecraft:farmland":1,"minecraft:dandelion":3,"minecraft:crafting_table":2,"minecraft:cornflower":4,"minecraft:torch":12,"minecraft:ladder":2,"minecraft:granite":11,"minecraft:calcite":8,"minecraft:grass_block":12,"minecraft:chest":1,"minecraft:cobblestone":9,"minecraft:tall_grass":13,"minecraft:lapis_ore":4,"minecraft:diorite":29,"minecraft:wall_torch":6,"minecraft:oak_trapdoor":2,"minecraft:birch_log":22,"minecraft:iron_ore":30,"minecraft:cobbled_deepslate":1,"minecraft:birch_leaves":6,"minecraft:andesite":73,"minecraft:grass":41,"minecraft:dirt_path":1,"minecraft:oak_log":133,"minecraft:coal_ore":86,"minecraft:gravel":23,"minecraft:dirt":15,"minecraft:cobweb":1,"minecraft:stone":273,"create:limestone":55,"minecraft:deepslate":18,"minecraft:oak_leaves":92,"create:zinc_ore":9},"minecraft:killed":{"minecraft:spider":3,"minecraft:creeper":1,"minecraft:sheep":7,"minecraft:skeleton":2,"minecraft:zombie":7,"minecraft:cow":4},"minecraft:dropped":{"minecraft:wheat_seeds":1,"minecraft:stone_sword":1,"minecraft:cobbled_deepslate":15,"minecraft:rotten_flesh":4,"minecraft:andesite":1}},"DataVersion":3120}