{"stats":{"minecraft:custom":{"minecraft:interact_with_furnace":10,"minecraft:mob_kills":23,"minecraft:interact_with_crafting_table":23,"minecraft:interact_with_campfire":6,"minecraft:leave_game":5,"minecraft:time_since_death":45192,"minecraft:sleep_in_bed":5,"minecraft:time_since_rest":3360,"minecraft:sprint_one_cm":159320,"minecraft:damage_taken":1030,"minecraft:walk_one_cm":162130,"minecraft:drop":6,"minecraft:damage_dealt":2780,"minecraft:fly_one_cm":150371,"minecraft:open_chest":23,"minecraft:crouch_one_cm":1838,"minecraft:play_time":98448,"minecraft:deaths":2,"minecraft:sneak_time":1052,"minecraft:jump":888,"minecraft:total_world_time":98448,"minecraft:fall_one_cm":23631},"minecraft:killed_by":{"minecraft:creeper":1},"minecraft:picked_up":{"minecraft:crafting_table":2,"minecraft:andesite":43,"minecraft:leather":4,"minecraft:wooden_pickaxe":1,"minecraft:oak_log":45,"minecraft:dirt":20,"minecraft:cornflower":4,"minecraft:string":2,"minecraft:cooked_mutton":6,"minecraft:bone":4,"minecraft:apple":4,"minecraft:bow":1,"minecraft:beef":10,"minecraft:stone_pickaxe":1,"minecraft:chest":1,"minecraft:oak_planks":24,"minecraft:egg":5,"minecraft:stick":17,"minecraft:torch":3,"minecraft:dandelion":3,"minecraft:white_bed":2,"minecraft:spider_eye":1,"minecraft:stone_sword":2,"minecraft:arrow":6,"minecraft:rotten_flesh":12,"minecraft:stone_axe":1,"minecraft:gray_wool":1,"minecraft:oak_sapling":20,"minecraft:mutton":10,"minecraft:coal":85,"minecraft:white_wool":6,"minecraft:cobblestone":112},"minecraft:used":{"minecraft:cooked_mutton":4,"minecraft:stone_sword":35,"minecraft:stone_pickaxe":196,"minecraft:chest":2,"minecraft:wooden_pickaxe":8,"minecraft:blue_bed":1,"minecraft:rotten_flesh":2,"minecraft:oak_door":1,"minecraft:torch":55,"minecraft:dirt":12,"minecraft:crafting_table":3,"minecraft:campfire":1,"minecraft:white_bed":2,"minecraft:oak_log":1,"minecraft:apple":3,"minecraft:stone_axe":41,"minecraft:cobblestone":31,"minecraft:oak_sapling":16,"minecraft:furnace":1,"minecraft:egg":5,"minecraft:cooked_beef":5},"minecraft:crafted":{"minecraft:cooked_beef":8,"minecraft:oak_door":3,"minecraft:oak_planks":52,"minecraft:stone_shovel":1,"minecraft:fishing_rod":1,"minecraft:crafting_table":1,"minecraft:wooden_pickaxe":1,"minecraft:blue_bed":1,"minecraft:furnace":1,"minecraft:campfire":1,"minecraft:stone_axe":1,"minecraft:cooked_mutton":4,"minecraft:air":0,"minecraft:blue_dye":1,"minecraft:string":4,"minecraft:stick":24,"minecraft:stone_pickaxe":2,"minecraft:stone_sword":1,"minecraft:chest":1,"minecraft:white_bed":1,"minecraft:bundle":1,"minecraft:torch":52,"minecraft:stone_hoe":1},"minecraft:broken":{"minecraft:stone_pickaxe":1},"minecraft:mined":{"minecraft:white_bed":2,"minecraft:oak_sapling":2,"minecraft:dandelion":3,"minecraft:crafting_table":2,"minecraft:cornflower":4,"minecraft:grass_block":7,"minecraft:chest":1,"minecraft:tall_grass":3,"minecraft:wall_torch":3,"minecraft:andesite":42,"minecraft:grass":1,"minecraft:oak_log":33,"minecraft:coal_ore":82,"minecraft:dirt":5,"minecraft:stone":79,"minecraft:oak_leaves":31},"minecraft:killed":{"minecraft:spider":3,"minecraft:creeper":1,"minecraft:sheep":7,"minecraft:skeleton":2,"minecraft:zombie":6,"minecraft:cow":4},"minecraft:dropped":{"minecraft:stone_sword":1,"minecraft:rotten_flesh":4,"minecraft:andesite":1}},"DataVersion":3120}