{"stats":{"minecraft:custom":{"minecraft:interact_with_furnace":15,"minecraft:mob_kills":24,"minecraft:interact_with_crafting_table":36,"minecraft:interact_with_campfire":8,"minecraft:leave_game":5,"minecraft:time_since_death":87192,"minecraft:sleep_in_bed":6,"minecraft:climb_one_cm":36760,"minecraft:time_since_rest":26296,"minecraft:sprint_one_cm":184763,"minecraft:damage_taken":1070,"minecraft:walk_one_cm":230367,"minecraft:drop":21,"minecraft:damage_dealt":2979,"minecraft:swim_one_cm":372,"minecraft:fly_one_cm":182997,"minecraft:open_chest":37,"minecraft:crouch_one_cm":2128,"minecraft:play_time":140448,"minecraft:deaths":2,"minecraft:sneak_time":3200,"minecraft:walk_under_water_one_cm":749,"minecraft:jump":1114,"minecraft:walk_on_water_one_cm":495,"minecraft:total_world_time":140448,"minecraft:fall_one_cm":30727},"minecraft:killed_by":{"minecraft:creeper":1},"minecraft:picked_up":{"minecraft:birch_log":22,"minecraft:crafting_table":2,"minecraft:cooked_beef":1,"minecraft:ladder":2,"minecraft:andesite":66,"minecraft:leather":4,"minecraft:wooden_pickaxe":1,"minecraft:flint":6,"minecraft:oak_log":76,"minecraft:lapis_lazuli":24,"minecraft:dirt":30,"minecraft:cornflower":4,"minecraft:string":3,"create:limestone":55,"minecraft:cooked_mutton":6,"minecraft:bone":4,"minecraft:apple":5,"minecraft:bow":1,"minecraft:wheat_seeds":1,"minecraft:cobbled_deepslate":19,"minecraft:beef":10,"minecraft:stone_pickaxe":1,"minecraft:calcite":8,"minecraft:birch_sapling":11,"minecraft:chest":1,"minecraft:oak_planks":24,"minecraft:egg":5,"minecraft:raw_iron":8,"minecraft:stick":32,"minecraft:torch":13,"minecraft:dandelion":3,"minecraft:gravel":17,"minecraft:diorite":16,"minecraft:white_bed":2,"minecraft:spider_eye":1,"minecraft:stone_sword":2,"minecraft:arrow":6,"minecraft:rotten_flesh":12,"minecraft:stone_axe":1,"minecraft:granite":11,"minecraft:gray_wool":1,"minecraft:oak_sapling":36,"minecraft:mutton":10,"minecraft:coal":89,"minecraft:white_wool":6,"minecraft:cobblestone":279},"minecraft:used":{"minecraft:oak_trapdoor":3,"minecraft:cooked_mutton":4,"minecraft:water_bucket":2,"minecraft:stone_sword":41,"minecraft:stone_shovel":28,"minecraft:stone_pickaxe":513,"minecraft:ladder":88,"minecraft:chest":2,"minecraft:wooden_pickaxe":8,"minecraft:blue_bed":1,"minecraft:rotten_flesh":2,"minecraft:oak_door":1,"minecraft:torch":82,"minecraft:dirt":15,"minecraft:crafting_table":3,"minecraft:campfire":1,"minecraft:white_bed":2,"minecraft:granite":11,"minecraft:oak_log":1,"minecraft:apple":4,"minecraft:birch_sapling":11,"minecraft:stone_axe":97,"minecraft:cobblestone":93,"minecraft:oak_sapling":32,"minecraft:furnace":1,"minecraft:bucket":2,"minecraft:egg":5,"minecraft:cooked_beef":5,"minecraft:cobbled_deepslate":4,"minecraft:calcite":3},"minecraft:crafted":{"minecraft:cooked_beef":8,"minecraft:oak_door":3,"minecraft:oak_planks":132,"minecraft:stone_shovel":1,"minecraft:fishing_rod":1,"minecraft:crafting_table":1,"minecraft:wooden_pickaxe":1,"minecraft:blue_bed":1,"minecraft:furnace":1,"minecraft:bucket":1,"minecraft:birch_planks":88,"minecraft:campfire":1,"minecraft:stone_axe":1,"minecraft:cooked_mutton":4,"minecraft:air":0,"minecraft:oak_trapdoor":12,"minecraft:blue_dye":1,"minecraft:string":4,"minecraft:shield":1,"minecraft:ladder":117,"minecraft:stick":352,"minecraft:iron_ingot":8,"minecraft:iron_pickaxe":1,"minecraft:stone_pickaxe":4,"minecraft:stone_sword":1,"minecraft:chest":1,"minecraft:white_bed":1,"minecraft:bundle":1,"minecraft:torch":76,"minecraft:stone_hoe":1},"minecraft:broken":{"minecraft:stone_pickaxe":3},"minecraft:mined":{"minecraft:white_bed":2,"minecraft:oak_sapling":5,"minecraft:dandelion":3,"minecraft:crafting_table":2,"minecraft:cornflower":4,"minecraft:torch":8,"minecraft:ladder":2,"minecraft:granite":11,"minecraft:calcite":8,"minecraft:grass_block":7,"minecraft:chest":1,"minecraft:cobblestone":6,"minecraft:tall_grass":3,"minecraft:lapis_ore":4,"minecraft:diorite":16,"minecraft:wall_torch":5,"minecraft:birch_log":22,"minecraft:iron_ore":8,"minecraft:cobbled_deepslate":1,"minecraft:birch_leaves":6,"minecraft:andesite":65,"minecraft:grass":13,"minecraft:dirt_path":1,"minecraft:oak_log":64,"minecraft:coal_ore":86,"minecraft:gravel":23,"minecraft:dirt":14,"minecraft:cobweb":1,"minecraft:stone":241,"create:limestone":55,"minecraft:deepslate":18,"minecraft:oak_leaves":54},"minecraft:killed":{"minecraft:spider":3,"minecraft:creeper":1,"minecraft:sheep":7,"minecraft:skeleton":2,"minecraft:zombie":7,"minecraft:cow":4},"minecraft:dropped":{"minecraft:stone_sword":1,"minecraft:cobbled_deepslate":15,"minecraft:rotten_flesh":4,"minecraft:andesite":1}},"DataVersion":3120}