{
  "create:wrench_goggles": {
    "criteria": {
      "1": "2024-05-26 23:25:06 +0000"
    },
    "done": false
  },
  "minecraft:recipes/building_blocks/stone_bricks": {
    "criteria": {
      "has_stone": "2024-05-26 23:35:49 +0000"
    },
    "done": true
  },
  "minecraft:recipes/building_blocks/stone_bricks_from_stone_stonecutting": {
    "criteria": {
      "has_stone": "2024-05-26 23:35:49 +0000"
    },
    "done": true
  },
  "createbigcannons:recipes/createbigcannons/log_cannon_chamber": {
    "criteria": {
      "has_gunpowder": "2024-05-26 23:29:06 +0000"
    },
    "done": true
  },
  "create:recipes/create.base/crafting/kinetics/gearbox": {
    "criteria": {
      "has_item": "2024-05-26 23:28:03 +0000"
    },
    "done": true
  },
  "create:recipes/create.palettes/crafting/kinetics/white_seat_from_other_seat": {
    "criteria": {
      "has_seat": "2024-05-26 23:31:03 +0000"
    },
    "done": true
  },
  "create:recipes/create.palettes/crafting/kinetics/light_blue_seat_from_other_seat": {
    "criteria": {
      "has_seat": "2024-05-26 23:31:03 +0000"
    },
    "done": true
  },
  "create:super_glue": {
    "criteria": {
      "0": "2024-05-26 23:38:38 +0000"
    },
    "done": true
  },
  "minecraft:recipes/building_blocks/smooth_stone": {
    "criteria": {
      "has_stone": "2024-05-26 23:35:49 +0000"
    },
    "done": true
  },
  "storagedrawers:recipes/storagedrawers/jungle_drawers": {
    "criteria": {
      "has_chest": "2024-05-26 23:31:34 +0000"
    },
    "done": true
  },
  "create:recipes/create.base/crafting/appliances/filter_clear": {
    "criteria": {
      "has_item": "2024-05-26 23:29:41 +0000"
    },
    "done": true
  },
  "minecraft:recipes/building_blocks/stone_slab_from_stone_stonecutting": {
    "criteria": {
      "has_stone": "2024-05-26 23:35:49 +0000"
    },
    "done": true
  },
  "minecraft:recipes/building_blocks/chiseled_stone_bricks_stone_from_stonecutting": {
    "criteria": {
      "has_stone": "2024-05-26 23:35:49 +0000"
    },
    "done": true
  },
  "minecraft:recipes/transportation/mangrove_boat": {
    "criteria": {
      "in_water": "2024-05-26 23:33:37 +0000"
    },
    "done": true
  },
  "storagedrawers:recipes/storagedrawers/crimson_drawers": {
    "criteria": {
      "has_chest": "2024-05-26 23:31:34 +0000"
    },
    "done": true
  },
  "createbigcannons:recipes/createbigcannons/wrought_iron_cannon_end": {
    "criteria": {
      "has_gunpowder": "2024-05-26 23:29:06 +0000"
    },
    "done": true
  },
  "minecraft:recipes/building_blocks/stone_slab": {
    "criteria": {
      "has_stone": "2024-05-26 23:35:49 +0000"
    },
    "done": true
  },
  "create:recipes/create.palettes/crafting/kinetics/blue_seat_from_other_seat": {
    "criteria": {
      "has_seat": "2024-05-26 23:31:03 +0000"
    },
    "done": true
  },
  "minecraft:recipes/createbigcannons/wrought_iron_drop_mortar_end_mirrored": {
    "criteria": {
      "has_gunpowder": "2024-05-26 23:29:06 +0000"
    },
    "done": true
  },
  "minecraft:recipes/building_blocks/stone_brick_slab_from_stone_stonecutting": {
    "criteria": {
      "has_stone": "2024-05-26 23:35:49 +0000"
    },
    "done": true
  },
  "createbigcannons:recipes/createbigcannons/powder_charge": {
    "criteria": {
      "has_gunpowder": "2024-05-26 23:29:06 +0000"
    },
    "done": true
  },
  "minecraft:recipes/transportation/spruce_boat": {
    "criteria": {
      "in_water": "2024-05-26 23:33:37 +0000"
    },
    "done": true
  },
  "storagedrawers:recipes/storagedrawers/spruce_drawers": {
    "criteria": {
      "has_chest": "2024-05-26 23:31:34 +0000"
    },
    "done": true
  },
  "create:recipes/create.palettes/crafting/kinetics/light_gray_seat_from_other_seat": {
    "criteria": {
      "has_seat": "2024-05-26 23:31:03 +0000"
    },
    "done": true
  },
  "storagedrawers:recipes/storagedrawers/fill_level_upgrade": {
    "criteria": {
      "has_template": "2024-05-26 23:23:56 +0000"
    },
    "done": true
  },
  "minecraft:recipes/misc/firework_rocket_simple": {
    "criteria": {
      "has_gunpowder": "2024-05-26 23:29:06 +0000"
    },
    "done": true
  },
  "storagedrawers:recipes/storagedrawers/warped_drawers": {
    "criteria": {
      "has_chest": "2024-05-26 23:31:34 +0000"
    },
    "done": true
  },
  "storagedrawers:recipes/storagedrawers/quantify_key": {
    "criteria": {
      "has_template": "2024-05-26 23:23:56 +0000"
    },
    "done": true
  },
  "storagedrawers:recipes/storagedrawers/max_redstone_upgrade": {
    "criteria": {
      "has_template": "2024-05-26 23:23:56 +0000"
    },
    "done": true
  },
  "travelersbackpack:recipes/travelersbackpack/creeper": {
    "criteria": {
      "has_gunpowder": "2024-05-26 23:29:06 +0000"
    },
    "done": true
  },
  "create:recipes/create.palettes/crafting/kinetics/green_seat_from_other_seat": {
    "criteria": {
      "has_seat": "2024-05-26 23:31:03 +0000"
    },
    "done": true
  },
  "create:recipes/create.base/crafting/schematics/schematic_table": {
    "criteria": {
      "has_item": "2024-05-26 23:25:15 +0000"
    },
    "done": true
  },
  "storagedrawers:recipes/storagedrawers/acacia_trim": {
    "criteria": {
      "has_planks": "2024-05-26 23:23:56 +0000"
    },
    "done": true
  },
  "create:recipes/create.palettes/crafting/kinetics/magenta_seat_from_other_seat": {
    "criteria": {
      "has_seat": "2024-05-26 23:31:03 +0000"
    },
    "done": true
  },
  "create:recipes/create.palettes/crafting/kinetics/gray_seat_from_other_seat": {
    "criteria": {
      "has_seat": "2024-05-26 23:31:03 +0000"
    },
    "done": true
  },
  "storagedrawers:recipes/storagedrawers/birch_drawers": {
    "criteria": {
      "has_chest": "2024-05-26 23:31:34 +0000"
    },
    "done": true
  },
  "storagedrawers:recipes/storagedrawers/crimson_trim": {
    "criteria": {
      "has_planks": "2024-05-26 23:23:56 +0000"
    },
    "done": true
  },
  "create:recipes/create.palettes/crafting/kinetics/black_seat_from_other_seat": {
    "criteria": {
      "has_seat": "2024-05-26 23:31:03 +0000"
    },
    "done": true
  },
  "create:recipes/create.palettes/crafting/kinetics/purple_seat_from_other_seat": {
    "criteria": {
      "has_seat": "2024-05-26 23:31:03 +0000"
    },
    "done": true
  },
  "create:train": {
    "criteria": {
      "0": "2024-05-26 23:38:41 +0000"
    },
    "done": true
  },
  "storagedrawers:recipes/storagedrawers/dark_oak_trim": {
    "criteria": {
      "has_planks": "2024-05-26 23:23:56 +0000"
    },
    "done": true
  },
  "minecraft:recipes/redstone/stone_button": {
    "criteria": {
      "has_stone": "2024-05-26 23:35:49 +0000"
    },
    "done": true
  },
  "createbigcannons:recipes/createbigcannons/wrought_iron_cannon_chamber": {
    "criteria": {
      "has_gunpowder": "2024-05-26 23:29:06 +0000"
    },
    "done": true
  },
  "minecraft:recipes/misc/coal": {
    "criteria": {
      "has_coal_block": "2024-05-26 23:28:41 +0000"
    },
    "done": true
  },
  "travelersbackpack:recipes/travelersbackpack/standard": {
    "criteria": {
      "has_chest": "2024-05-26 23:31:34 +0000"
    },
    "done": true
  },
  "createbigcannons:recipes/createbigcannons/wrought_iron_drop_mortar_end": {
    "criteria": {
      "has_gunpowder": "2024-05-26 23:29:06 +0000"
    },
    "done": true
  },
  "minecraft:recipes/redstone/tnt": {
    "criteria": {
      "has_gunpowder": "2024-05-26 23:29:06 +0000"
    },
    "done": true
  },
  "create:recipes/create.palettes/crafting/kinetics/orange_seat_from_other_seat": {
    "criteria": {
      "has_seat": "2024-05-26 23:31:03 +0000"
    },
    "done": true
  },
  "storagedrawers:recipes/storagedrawers/birch_trim": {
    "criteria": {
      "has_planks": "2024-05-26 23:23:56 +0000"
    },
    "done": true
  },
  "minecraft:recipes/building_blocks/stone_stairs_from_stone_stonecutting": {
    "criteria": {
      "has_stone": "2024-05-26 23:35:49 +0000"
    },
    "done": true
  },
  "create:recipes/create.base/crafting/kinetics/track_station": {
    "criteria": {
      "has_item": "2024-05-26 23:35:35 +0000"
    },
    "done": true
  },
  "create_connected:root": {
    "criteria": {
      "0": "2024-05-26 23:23:56 +0000"
    },
    "done": true
  },
  "create:recipes/create.base/crafting/kinetics/track_observer": {
    "criteria": {
      "has_item": "2024-05-26 23:35:35 +0000"
    },
    "done": true
  },
  "createbigcannons:recipes/createbigcannons/pair_of_cannon_wheels": {
    "criteria": {
      "has_gunpowder": "2024-05-26 23:29:06 +0000"
    },
    "done": true
  },
  "create:recipes/create.palettes/crafting/kinetics/cyan_seat_from_other_seat": {
    "criteria": {
      "has_seat": "2024-05-26 23:31:03 +0000"
    },
    "done": true
  },
  "create_connected:recipes/crafting/kinetics/freewheel_clutch": {
    "criteria": {
      "has_item": "2024-05-26 23:28:03 +0000"
    },
    "done": true
  },
  "storagedrawers:recipes/storagedrawers/oak_drawers": {
    "criteria": {
      "has_chest": "2024-05-26 23:31:34 +0000"
    },
    "done": true
  },
  "minecraft:recipes/decorations/stonecutter": {
    "criteria": {
      "has_stone": "2024-05-26 23:35:49 +0000"
    },
    "done": true
  },
  "minecraft:adventure/adventuring_time": {
    "criteria": {
      "minecraft:beach": "2024-05-26 23:33:28 +0000",
      "minecraft:forest": "2024-05-26 22:56:14 +0000"
    },
    "done": false
  },
  "storagedrawers:recipes/storagedrawers/acacia_drawers": {
    "criteria": {
      "has_chest": "2024-05-26 23:31:34 +0000"
    },
    "done": true
  },
  "storagedrawers:recipes/storagedrawers/one_stack_upgrade": {
    "criteria": {
      "has_template": "2024-05-26 23:23:56 +0000"
    },
    "done": true
  },
  "create:recipes/create.palettes/crafting/kinetics/brown_seat_from_other_seat": {
    "criteria": {
      "has_seat": "2024-05-26 23:31:03 +0000"
    },
    "done": true
  },
  "createbigcannons:recipes/createbigcannons/machine_gun_round": {
    "criteria": {
      "has_gunpowder": "2024-05-26 23:29:06 +0000"
    },
    "done": true
  },
  "minecraft:recipes/transportation/birch_boat": {
    "criteria": {
      "in_water": "2024-05-26 23:33:37 +0000"
    },
    "done": true
  },
  "storagedrawers:recipes/storagedrawers/oak_trim": {
    "criteria": {
      "has_planks": "2024-05-26 23:23:56 +0000"
    },
    "done": true
  },
  "create:recipes/create.base/crafting/kinetics/controls": {
    "criteria": {
      "has_item": "2024-05-26 23:35:35 +0000"
    },
    "done": true
  },
  "createbigcannons:recipes/createbigcannons/cannon_mount": {
    "criteria": {
      "has_gunpowder": "2024-05-26 23:29:06 +0000"
    },
    "done": true
  },
  "storagedrawers:recipes/storagedrawers/min_redstone_upgrade": {
    "criteria": {
      "has_template": "2024-05-26 23:23:56 +0000"
    },
    "done": true
  },
  "minecraft:recipes/transportation/acacia_boat": {
    "criteria": {
      "in_water": "2024-05-26 23:33:37 +0000"
    },
    "done": true
  },
  "storagedrawers:recipes/storagedrawers/void_upgrade": {
    "criteria": {
      "has_template": "2024-05-26 23:23:56 +0000"
    },
    "done": true
  },
  "create:recipes/create.base/crafting/schematics/schematicannon": {
    "criteria": {
      "has_item": "2024-05-26 23:25:15 +0000"
    },
    "done": true
  },
  "storagedrawers:recipes/storagedrawers/dark_oak_drawers": {
    "criteria": {
      "has_chest": "2024-05-26 23:31:34 +0000"
    },
    "done": true
  },
  "minecraft:recipes/redstone/stone_pressure_plate": {
    "criteria": {
      "has_stone": "2024-05-26 23:35:49 +0000"
    },
    "done": true
  },
  "minecraft:recipes/transportation/jungle_boat": {
    "criteria": {
      "in_water": "2024-05-26 23:33:37 +0000"
    },
    "done": true
  },
  "storagedrawers:recipes/storagedrawers/drawer_key": {
    "criteria": {
      "has_template": "2024-05-26 23:23:56 +0000"
    },
    "done": true
  },
  "storagedrawers:recipes/storagedrawers/warped_trim": {
    "criteria": {
      "has_planks": "2024-05-26 23:23:56 +0000"
    },
    "done": true
  },
  "create:recipes/create.base/crafting/kinetics/track_observer_from_other_plates": {
    "criteria": {
      "has_item": "2024-05-26 23:35:35 +0000"
    },
    "done": true
  },
  "minecraft:recipes/decorations/stone_brick_walls_from_stone_stonecutting": {
    "criteria": {
      "has_stone": "2024-05-26 23:35:49 +0000"
    },
    "done": true
  },
  "minecraft:recipes/building_blocks/stone_brick_stairs_from_stone_stonecutting": {
    "criteria": {
      "has_stone": "2024-05-26 23:35:49 +0000"
    },
    "done": true
  },
  "minecraft:recipes/transportation/dark_oak_boat": {
    "criteria": {
      "in_water": "2024-05-26 23:33:37 +0000"
    },
    "done": true
  },
  "storagedrawers:recipes/storagedrawers/illumination_upgrade": {
    "criteria": {
      "has_template": "2024-05-26 23:23:56 +0000"
    },
    "done": true
  },
  "create:recipes/create.palettes/crafting/kinetics/train_trapdoor": {
    "criteria": {
      "has_item": "2024-05-26 23:35:35 +0000"
    },
    "done": true
  },
  "travelersbackpack:recipes/travelersbackpack/blank_upgrade": {
    "criteria": {
      "has_chest": "2024-05-26 23:31:34 +0000"
    },
    "done": true
  },
  "minecraft:recipes/building_blocks/stone_stairs": {
    "criteria": {
      "has_stone": "2024-05-26 23:35:49 +0000"
    },
    "done": true
  },
  "storagedrawers:recipes/storagedrawers/emerald_storage_upgrade": {
    "criteria": {
      "has_template": "2024-05-26 23:23:56 +0000"
    },
    "done": true
  },
  "storagedrawers:recipes/storagedrawers/redstone_upgrade": {
    "criteria": {
      "has_template": "2024-05-26 23:23:56 +0000"
    },
    "done": true
  },
  "create:recipes/create.palettes/crafting/kinetics/train_door": {
    "criteria": {
      "has_item": "2024-05-26 23:35:35 +0000"
    },
    "done": true
  },
  "create:recipes/create.base/crafting/appliances/clipboard_clear": {
    "criteria": {
      "has_item": "2024-05-26 23:30:06 +0000"
    },
    "done": true
  },
  "create:root": {
    "criteria": {
      "0": "2024-05-26 23:23:56 +0000"
    },
    "done": true
  },
  "create:recipes/create.palettes/crafting/kinetics/yellow_seat_from_other_seat": {
    "criteria": {
      "has_seat": "2024-05-26 23:31:03 +0000"
    },
    "done": true
  },
  "storagedrawers:recipes/storagedrawers/obsidian_storage_upgrade": {
    "criteria": {
      "has_template": "2024-05-26 23:23:56 +0000"
    },
    "done": true
  },
  "storagedrawers:recipes/storagedrawers/gold_storage_upgrade": {
    "criteria": {
      "has_template": "2024-05-26 23:23:56 +0000"
    },
    "done": true
  },
  "storagedrawers:recipes/storagedrawers/diamond_storage_upgrade": {
    "criteria": {
      "has_template": "2024-05-26 23:23:56 +0000"
    },
    "done": true
  },
  "create:recipes/create.palettes/crafting/kinetics/lime_seat_from_other_seat": {
    "criteria": {
      "has_seat": "2024-05-26 23:31:03 +0000"
    },
    "done": true
  },
  "storagedrawers:recipes/storagedrawers/concealment_key": {
    "criteria": {
      "has_template": "2024-05-26 23:23:56 +0000"
    },
    "done": true
  },
  "createbigcannons:recipes/createbigcannons/log_cannon_end": {
    "criteria": {
      "has_gunpowder": "2024-05-26 23:29:06 +0000"
    },
    "done": true
  },
  "storagedrawers:recipes/storagedrawers/spruce_trim": {
    "criteria": {
      "has_planks": "2024-05-26 23:23:56 +0000"
    },
    "done": true
  },
  "storagedrawers:recipes/storagedrawers/iron_storage_upgrade": {
    "criteria": {
      "has_template": "2024-05-26 23:23:56 +0000"
    },
    "done": true
  },
  "storagedrawers:recipes/storagedrawers/jungle_trim": {
    "criteria": {
      "has_planks": "2024-05-26 23:23:56 +0000"
    },
    "done": true
  },
  "create:recipes/create.palettes/crafting/kinetics/red_seat_from_other_seat": {
    "criteria": {
      "has_seat": "2024-05-26 23:31:03 +0000"
    },
    "done": true
  },
  "createbigcannons:recipes/createbigcannons/cannon_carriage": {
    "criteria": {
      "has_gunpowder": "2024-05-26 23:29:06 +0000"
    },
    "done": true
  },
  "minecraft:recipes/transportation/oak_boat": {
    "criteria": {
      "in_water": "2024-05-26 23:33:37 +0000"
    },
    "done": true
  },
  "railways:recipes/railways/crafting/track_coupler": {
    "criteria": {
      "has_item": "2024-05-26 23:35:35 +0000"
    },
    "done": true
  },
  "createbigcannons:recipes/createbigcannons/empty_powder_charge": {
    "criteria": {
      "has_gunpowder": "2024-05-26 23:29:06 +0000"
    },
    "done": true
  },
  "create:recipes/create.palettes/crafting/kinetics/pink_seat_from_other_seat": {
    "criteria": {
      "has_seat": "2024-05-26 23:31:03 +0000"
    },
    "done": true
  },
  "createbigcannons:recipes/createbigcannons/mortar_stone": {
    "criteria": {
      "has_stone": "2024-05-26 23:35:49 +0000"
    },
    "done": true
  },
  "create:recipes/create.base/crafting/kinetics/track_signal": {
    "criteria": {
      "has_item": "2024-05-26 23:35:35 +0000"
    },
    "done": true
  },
  "DataVersion": 3120
}