{
  "vanillatweaks:item_averages": {
    "criteria": {
      "tick": "2024-10-16 21:44:31 +0000"
    },
    "done": true
  },
  "vanillatweaks:root": {
    "criteria": {
      "tick": "2024-10-16 21:44:31 +0000"
    },
    "done": true
  },
  "bannerflags:root": {
    "criteria": {
      "requirement": "2024-10-16 21:44:31 +0000"
    },
    "done": true
  },
  "vanillatweaks:graves": {
    "criteria": {
      "tick": "2024-10-16 21:44:31 +0000"
    },
    "done": true
  },
  "vanillatweaks:nether_portal_coords": {
    "criteria": {
      "tick": "2024-10-16 21:44:31 +0000"
    },
    "done": true
  },
  "vanillatweaks:fast_leaf_decay": {
    "criteria": {
      "tick": "2024-10-16 21:44:31 +0000"
    },
    "done": true
  },
  "vanillatweaks:afk_display": {
    "criteria": {
      "tick": "2024-10-16 21:44:31 +0000"
    },
    "done": true
  },
  "minecraft:adventure/adventuring_time": {
    "criteria": {
      "minecraft:beach": "2024-10-16 21:44:32 +0000"
    },
    "done": false
  },
  "DataVersion": 3120
}